Date,india_vix_close,usdinr_close,brent_close,fii_dii_net_cr,vix_change_1d_pct,usdinr_ret_5d_pct,brent_ret_5d_pct
2024-04-21,,83.38529968261719,,,,,
2024-04-22,12.699999809265137,83.38619995117188,87.0,,,,
2024-04-23,10.199999809265137,83.2833023071289,88.41999816894531,,-19.685039665718374,,
2024-04-24,10.279999732971191,83.3405990600586,88.0199966430664,,0.7843129921766057,,
2024-04-25,10.729999542236328,83.30180358886719,89.01000213623047,,4.377430164923513,,
2024-04-26,10.930000305175781,,89.5,,1.8639400882748625,-0.10013287002361704,
2024-04-28,,83.40229797363281,,,0.0,0.01930537963159562,2.8735632183908066
2024-04-29,12.239999771118164,83.45110321044922,88.4000015258789,,11.985356169862559,0.20148204822798554,-0.02261552078772766
2024-04-30,12.869999885559082,83.49839782714844,87.86000061035156,,5.147059854751657,0.18934201202001066,-0.18177236857170875
2024-05-01,,83.40640258789062,83.44000244140625,,0.0,0.12556630771127786,-6.257723358212363
2024-05-02,13.449999809265137,83.40630340576172,83.66999816894531,,4.50660395387299,0.12544724410805674,-6.513968526318081
2024-05-03,14.619999885559082,,82.95999908447266,,8.69888544896471,0.004802544085991123,-7.307263592767976
2024-05-05,,83.37999725341797,,,0.0,-0.08520673100262943,-6.15384880939589
2024-05-06,16.600000381469727,83.4728012084961,83.33000183105469,,13.543095153279673,-0.030655221319730863,-5.155928463268367
2024-05-07,17.010000228881836,83.46990203857422,83.16000366210938,,2.469878542110071,0.07613258540515311,-0.3355689970089504
2024-05-08,17.079999923706055,83.46430206298828,83.58000183105469,,0.4115208341112453,0.0695374987959907,-0.10756106114512276
2024-05-09,18.200000762939453,83.45939636230469,83.87999725341797,,6.557381992015721,0.0636558082243166,1.1089659825195275
2024-05-10,18.469999313354492,,82.79000091552734,,1.483508456575655,0.09522560746242359,-0.20491582789461393
2024-05-12,,83.5248031616211,,,0.0,0.06229808077855559,-0.648027005474161
2024-05-13,20.600000381469727,83.50550079345703,83.36000061035156,,11.532220613431022,0.04264861227027961,0.24049656016706944
2024-05-14,20.200000762939453,83.52420043945312,82.37999725341797,,-1.9417456850636006,0.07176526369279124,-1.4357556249667947
2024-05-15,20.270000457763672,83.40509796142578,82.75,,0.3465331296058416,-0.0650596616385668,-1.3471593829504136
2024-05-16,20.0,83.47010040283203,83.2699966430664,,-1.3320199884862771,0.01282544685667908,0.5797749996751644
2024-05-17,19.799999237060547,,83.9800033569336,,-1.00000381469727,-0.0654928317319281,1.4373745962636741
2024-05-19,,83.30039978027344,,,0.0,-0.2456137754216825,0.74376528555955
2024-05-20,,83.31500244140625,83.70999908447266,,0.0,-0.250463933741607,1.6144718079600384
2024-05-21,21.809999465942383,83.31680297851562,82.87999725341797,,10.151516698645269,-0.10586281302732425,0.1570963787528301
2024-05-22,21.469999313354492,83.26709747314453,81.9000015258789,,-1.5589186653526599,-0.24320436744150742,-1.6452445927912396
2024-05-23,21.3799991607666,83.2863998413086,81.36000061035156,,-0.41919029094663607,-0.22007947832444197,-3.119793572103635
2024-05-24,21.709999084472656,,82.12000274658203,,1.5434983005594427,-0.016806568758098717,-2.2148136889756365
2024-05-26,,83.05220031738281,,,0.0,-0.31543193461256447,-1.8994102918172828
2024-05-27,23.190000534057617,83.14569854736328,,,6.817141925369685,-0.20536605466782154,-0.9169818195241208
2024-05-28,24.200000762939453,83.20649719238281,84.22000122070312,,4.35532645805039,-0.07277818322088958,2.8327224073263713
2024-05-29,24.18000030517578,83.3656005859375,83.5999984741211,,-0.08264651707904358,0.09509445093054403,2.7531930272435723
2024-05-30,24.18000030517578,83.3208999633789,81.86000061035156,,0.0,0.04142347626510112,-0.3166124300224671
2024-05-31,24.600000381469727,,81.62000274658203,,1.7369729983172988,0.3235310382738277,-0.6088650551351993
2024-06-02,,83.45079803466797,,,0.0,0.3669456058883025,-0.6088650551351993
2024-06-03,20.940000534057617,83.09339904785156,78.36000061035156,,-14.878047929499438,-0.13592465534242315,-6.957967852547409
2024-06-04,26.75,83.62940216064453,77.5199966430664,,27.745937525134146,0.3164393621024608,-7.272729595726957
2024-06-05,18.889999389648438,83.38079833984375,78.41000366210938,,-29.383179851781538,0.07188877759503054,-4.214508823013519
2024-06-06,16.799999237060547,83.47309875488281,79.87000274658203,,-11.06405622084452,0.18266580362285012,-2.144082260611402
2024-06-07,16.8799991607666,,79.62000274658203,,0.47619004368508744,0.0267231958711589,-2.450379726413021
2024-06-09,,83.52760314941406,,,0.0,0.5225494522283824,1.6079659602044716
2024-06-10,16.399999618530273,83.52980041503906,81.62999725341797,,-2.843599325241486,-0.11909895686464944,5.301858602078724
2024-06-11,14.770000457763672,83.5968017578125,81.91999816894531,,-9.939019504152146,0.2590565481135787,4.476462623266131
2024-06-12,14.390000343322754,83.5343017578125,82.5999984741211,,-2.572783362651665,0.07332063124840804,3.4180488714905977
2024-06-13,13.489999771118164,83.52210235595703,82.75,,-6.254347121139636,0.058705860696650625,3.9311694868690905
2024-06-14,12.819999694824219,,82.62000274658203,,-4.966642606832384,-0.006585599549879806,3.7678973832097507
2024-06-16,,83.55180358886719,,,0.0,0.02634170525823709,1.2127961858072966
2024-06-17,,83.51010131835938,84.25,,0.0,-0.1037126273135458,2.844240579997903
2024-06-18,12.970000267028809,83.37409973144531,85.33000183105469,,1.1700512930990836,-0.19177993111338942,3.3050888709022397
2024-06-19,13.710000038146973,83.41950225830078,,,5.705472288996982,-0.12284185235063028,3.1178269861688035
2024-06-20,13.350000381469727,83.60160064697266,85.70999908447266,,-2.6258180574440293,0.09518233949239452,3.7400099675238163
2024-06-21,13.180000305175781,,85.23999786376953,,-1.2734087748035638,0.05960021922506442,3.1711389858261496
2024-06-23,,83.5625,,,0.0,0.06274532159991075,1.175071648391146
2024-06-24,14.0600004196167,83.46040344238281,86.01000213623047,,6.67678371824727,0.10351381450053321,0.7969064696870864
2024-06-25,14.3100004196167,83.41459655761719,85.01000213623047,,1.7780938302903282,-0.005880759955156911,-0.37501428332064046
2024-06-26,14.050000190734863,83.58039855957031,85.25,,-1.816912797049386,-0.025360862995760236,-0.5366924389058725
2024-06-27,14.149999618530273,83.45089721679688,86.38999938964844,,0.7117396899492867,-0.18026380955570298,1.349133686883519
2024-06-28,13.800000190734863,,86.41000366210938,,-2.4734942560497686,-0.13355606067688708,1.3726018625783487
2024-06-30,,83.36750030517578,,,0.0,-0.11131402841967342,0.465063964590251
2024-07-01,13.829999923706055,83.44129943847656,86.5999984741211,,0.21738936635185002,0.03201224001716518,1.8703638371195597
2024-07-02,13.640000343322754,83.4791030883789,86.23999786376953,,-1.3738219915505723,-0.1211952478537337,1.1612878167384544
2024-07-03,13.210000038146973,83.49120330810547,87.33999633789062,,-3.152494826631591,0.048299170713383965,1.099660788232426
2024-07-04,12.859999656677246,83.49340057373047,,,-2.64951082860726,0.05093217490901303,1.0762557995227295
2024-07-05,12.699999809265137,,86.54000091552734,,-1.2441668093593816,0.1510184041668694,0.15044236536119193
2024-07-07,,83.47209930419922,,,0.0,0.03691201590809712,-0.0692812467100401
2024-07-08,13.600000381469727,83.45760345458984,85.75,,7.086618785206644,-0.02575450980385474,-0.5681793551799097
2024-07-09,14.279999732971191,83.49299621582031,84.66000366210938,,4.9999950913823366,0.0021474210980310104,-3.0684597986622486
2024-07-10,14.430000305175781,83.49590301513672,85.08000183105469,,1.0504241947445703,0.0029971726975386304,-2.5875825527777008
2024-07-11,14.0,83.51850128173828,85.4000015258789,,-2.979905031752128,0.03006310419186864,-1.3173091952716764
2024-07-12,13.729999542236328,,85.02999877929688,,-1.9285746983119467,0.055589805367128875,-1.7448603192232404
2024-07-14,,83.52030181884766,,,0.0,0.07512600609473896,-0.8396515693330886
2024-07-15,14.1899995803833,83.58760070800781,84.8499984741211,,3.350328138991676,0.11330829707314471,0.22442098251025389
2024-07-16,14.220000267028809,83.52960205078125,83.7300033569336,,0.21142133567770838,0.04036010681676139,-1.586740062373082
2024-07-17,,83.57209777832031,85.08000183105469,,0.0,0.06417320205642785,-0.37470689590941575
2024-07-18,14.510000228881836,83.67430114746094,85.11000061035156,,2.039380846746086,0.18654533226964976,0.0940865955582737
2024-07-19,14.829999923706055,,82.62999725341797,,2.205373465034599,0.18438550299697543,-2.8225350586071785
2024-07-21,,83.73030090332031,,,0.0,0.17071933409236184,-2.6163833360353217
2024-07-22,15.4399995803833,83.67130279541016,82.4000015258789,,4.113281590124274,0.16964135007222492,-1.5884411533879983
2024-07-23,12.75,83.70680236816406,81.01000213623047,,-17.422277548510923,0.16118368860509324,-4.783732495570591
2024-07-24,11.760000228881836,83.74299621582031,81.70999908447266,,-7.764704087201291,0.08209816803645964,-3.994831983898939
2024-07-25,12.619999885559082,83.73760223388672,82.37000274658203,,7.312922108327347,0.07565176590387246,-0.31464905661143794
2024-07-26,12.25,,81.12999725341797,,-2.9318533194478746,0.008720057718214491,-1.8153213722126194
2024-07-28,,83.72779846191406,,,0.0,0.06752095953621584,-1.541267292406634
2024-07-29,12.949999809265137,83.75050354003906,79.77999877929688,,5.714284157266425,0.05220743193938837,-1.5183351740506779
2024-07-30,12.880000114440918,83.73899841308594,78.62999725341797,,-0.5405381919321495,-0.004773895030063535,-3.7694307496816237
2024-07-31,13.25,83.7177963256836,80.72000122070312,,2.872669893412838,-0.02365234694421403,-2.0031582746880217
2024-08-01,12.930000305175781,83.743896484375,79.5199966430664,,-2.4150920364091943,0.007516635681414918,-1.9844701896421402
2024-08-02,14.319999694824219,,76.80999755859375,,10.750188374643965,0.01922661619755406,-5.324787182391056
2024-08-04,,83.73529815673828,,,0.0,-0.0181555723942739,-3.7227391152503397
2024-08-05,20.3700008392334,84.00260162353516,76.30000305175781,,42.24861224400638,0.31479145373682904,-2.9632383098663673
2024-08-06,18.739999771118164,83.93489837646484,76.4800033569336,,-8.00196858595995,0.25932604572709295,-5.252722744858007
2024-08-07,16.170000076293945,83.94239807128906,78.33000183105469,,-13.713979328778159,0.23703409471889092,-1.4964724122828232
2024-08-08,16.600000381469727,83.98899841308594,79.16000366210938,,2.6592473911375203,0.2926803492558694,3.0595055047657693
2024-08-09,15.34000015258789,,79.66000366210938,,-7.590362650162053,0.30297886546337693,3.7104624321092183
2024-08-11,,83.94979858398438,,,0.0,-0.06285881452507969,4.403670348574318
2024-08-12,15.869999885559082,83.88999938964844,82.30000305175781,,3.4550177816118133,-0.053492632605600665,7.609831902938313
2024-08-13,16.170000076293945,83.88200378417969,80.69000244140625,,1.8903603837316263,-0.07194729778637887,3.0128948744846396
2024-08-14,15.4399995803833,83.97149658203125,79.76000213623047,,-4.514536131517177,-0.02083824237146814,0.7579566022787976
2024-08-15,,83.94830322265625,81.04000091552734,,0.0,-0.04845300122467977,1.7323590132777955
2024-08-16,14.399999618530273,,79.68000030517578,,-6.735751231330078,-0.001781256600197345,0.025102488258998967
2024-08-18,,83.88980102539062,,,0.0,-0.00023645757450951876,-3.183478310364496
2024-08-19,14.319999694824219,83.87860107421875,77.66000366210938,,-0.5555550404536702,-0.0040565434865968975,-3.7551105311926736
2024-08-20,13.819999694824219,83.77940368652344,77.19999694824219,,-3.491620186142308,-0.22875964264869042,-3.209635305194425
2024-08-21,13.329999923706055,83.88860321044922,76.05000305175781,,-3.545584529221635,-0.071115210093875,-6.15745040399357
2024-08-22,13.0,83.94059753417969,77.22000122070312,,-2.475618346547648,-0.009179087820421206,-3.0873482367605676
2024-08-23,13.550000190734863,,79.0199966430664,,4.230770697960495,0.06055147129706562,-0.8283178458603824
2024-08-25,,83.81379699707031,,,0.0,-0.0772593680849476,1.7512141602184617
2024-08-26,13.800000190734863,83.88369750976562,81.43000030517578,,1.8450184242133405,0.12448623247836021,5.479279176357421
2024-08-27,13.630000114440918,83.92160034179688,79.55000305175781,,-1.2318845937993594,0.0393344627098724,4.602235186786241
2024-08-28,13.949999809265137,83.94149780273438,78.6500015258789,,2.3477600303552393,0.0010725067263406274,1.8518522177805696
2024-08-29,13.789999961853027,83.89510345458984,79.94000244140625,,-1.146952326879913,-0.05419794584059501,1.1642695993718144
2024-08-30,13.390000343322754,,78.80000305175781,,-2.900649888591611,0.09700844065372305,-0.27840243059273906
2024-09-01,,83.86380004882812,,,0.0,-0.023720295514140233,-3.229764513768274
2024-09-02,14.0600004196167,83.92729949951172,,,5.003734571433793,0.006791049850840558,-0.9428032322161273
2024-09-03,13.84000015258789,83.95030212402344,73.75,,-1.564724469864609,0.01048863973067693,-6.230135322078301
2024-09-04,14.380000114440918,83.98249816894531,72.69999694824219,,3.901733785400685,0.10417141258163287,-9.056799189455589
2024-09-05,14.210000038146973,83.98359680175781,72.69000244140625,,-1.182198017670566,0.10548094408855402,-7.753807580868188
2024-09-06,15.220000267028809,,71.05999755859375,,7.107672246097629,0.14284679785550036,-9.822341616002516
2024-09-08,,83.98259735107422,,,0.0,0.06588780038470077,-9.822341616002516
2024-09-09,14.239999771118164,83.98090362548828,71.83999633789062,,-6.438899334539605,0.03645192535415287,-2.589835474046609
2024-09-10,13.359999656677246,83.98200225830078,69.19000244140625,,-6.179776183885554,-0.0005904928471300863,-4.828053169431124
2024-09-11,13.630000114440918,83.99259948730469,70.61000061035156,,2.020961562141421,0.01071957607166052,-2.8614689244663705
2024-09-12,13.180000305175781,83.93479919433594,71.97000122070312,,-3.3015392919062747,-0.05810373606296437,1.2806131344980987
2024-09-13,12.550000190734863,,71.61000061035156,,-4.779970408600953,-0.05691435874324302,0.7739981292629539
2024-09-15,,83.88480377197266,,,0.0,-0.11443060191895782,-0.3201499711348865
2024-09-16,12.460000038146973,83.88400268554688,72.75,,-0.7171326790443744,-0.11669116015178282,5.145248493969268
2024-09-17,12.59000015258789,83.77059936523438,73.69999694824219,,1.0433395990603112,-0.2643091455978408,4.376145462655079
2024-09-18,13.369999885559082,83.69170379638672,73.6500015258789,,6.195390973135617,-0.2896240895106872,2.334306345256132
2024-09-19,12.470000267028809,83.61470031738281,74.87999725341797,,-6.731485611322718,-0.38136610800961757,4.566396613874235
2024-09-20,12.789999961853027,,74.48999786376953,,2.5661562788439563,-0.3219933080180759,4.021780797194485
2024-09-22,,83.48709869384766,,,0.0,-0.47315814576359694,2.3917496409203265
2024-09-23,13.789999961853027,83.55960083007812,73.9000015258789,,7.818608311044262,-0.25187659722513134,0.27137664303729103
2024-09-24,13.390000343322754,83.56759643554688,75.16999816894531,,-2.900649888591611,-0.14829111514061966,2.063810742125116
2024-09-25,12.739999771118164,83.62409973144531,73.45999908447266,,-4.854373080944152,0.011241341566514684,-1.8963651456070152
2024-09-26,12.0,83.61710357666016,71.5999984741211,,-5.80847554484073,0.002874206650527178,-3.879714689928959
2024-09-27,11.960000038146973,,71.9800033569336,,-0.33333301544189453,0.15571852998417235,-3.3695725316388425
2024-09-29,,83.71640014648438,,,0.0,0.18764967143045652,-2.598103016646014
2024-09-30,12.789999961853027,83.82730102539062,71.7699966430664,,6.939798671059627,0.31077187919847926,-4.523083156444107
2024-10-01,11.989999771118164,83.87210083007812,73.55999755859375,,-6.25488814011661,0.2965665393460215,0.1361264298493925
2024-10-02,,83.91960144042969,73.9000015258789,,0.0,0.361765536989922,3.2122948334825985
2024-10-03,13.170000076293945,84.0093994140625,77.62000274658203,,9.841537345298356,0.46915740993429544,7.83550865048015
2024-10-04,14.130000114440918,,78.05000305175781,,7.289294097081878,0.3499902851358261,8.432897209971468
2024-10-06,,84.02780151367188,,,0.0,0.23918280301129524,8.750183506241127
2024-10-07,15.079999923706055,83.96410369873047,80.93000030517578,,6.723282389037166,0.10969424605058453,10.019036148976902
2024-10-08,14.59000015258789,83.91459655761719,77.18000030517578,,-3.2493353686817605,-0.005963902028360835,4.438428567756203
2024-10-09,14.119999885559082,83.94219970703125,76.58000183105469,,-3.2213863064658232,-0.07999070044536483,-1.339861992691238
2024-10-10,13.5,83.94599914550781,79.4000015258789,,-4.39093406929254,-0.07546806547468199,1.729658451423588
2024-10-11,13.220000267028809,,79.04000091552734,,-2.0740720960829018,-0.09735155114197758,1.2684148943761464
2024-10-13,,84.16829681396484,,,0.0,0.24319096642422267,-2.335350775388001
2024-10-14,13.0,84.04850006103516,77.45999908447266,,-1.6641472207644226,0.15957116986915487,0.36278670405511804
2024-10-15,13.0,84.05619812011719,74.25,,0.0,0.13580584435934906,-3.0425721798687966
2024-10-16,13.050000190734863,84.03929901123047,74.22000122070312,,0.3846168518066406,0.11114271873866599,-6.523929730010725
2024-10-17,13.390000343322754,84.05380249023438,74.44999694824219,,2.605365115850966,0.12841987208909167,-5.807191186891114
2024-10-18,13.039999961853027,,73.05999755859375,,-2.6138937452997335,-0.13603022523258623,-7.5657936331815385
2024-10-20,,84.0687026977539,,,0.0,0.024036879544642176,-5.680353186010967
2024-10-21,13.760000228881836,84.07350158691406,74.29000091552734,,5.521474456557396,0.02058559295312623,0.05387328690551474
2024-10-22,14.399999618530273,84.08399963378906,76.04000091552734,,4.651158277636491,0.05319014209366202,2.4521687751152266
2024-10-23,14.619999885559082,84.06759643554688,74.95999908447266,,1.5277796726168358,0.01641085222063854,0.6850264031374342
2024-10-24,13.970000267028809,84.08180236816406,74.37999725341797,,-4.445961857854119,0.033311851576178775,1.806733833744767
2024-10-25,14.630000114440918,,76.05000305175781,,4.724408266260394,0.015582101293087902,4.0925343458519725
2024-10-28,14.289999961853027,84.10199737548828,71.41999816894531,,-2.3239928224763617,0.03389390002361825,-3.8632423088073686
2024-10-29,14.520000457763672,84.10279846191406,71.12000274658203,,1.6095206194865597,0.022357200188949378,-6.470276314713519
2024-10-30,15.510000228881836,84.08930206298828,72.55000305175781,,6.818180026907794,0.025819255410786113,-3.2150427723445008
2024-10-31,15.550000190734863,84.08910369873047,73.16000366210938,,0.25789788048191653,0.008683603777237536,-1.6402173115871332
2024-11-01,15.899999618530273,84.09149932861328,73.0999984741211,,2.2508001511405196,0.011532769488886707,-3.879032819537187
2024-11-04,16.690000534057617,84.13359832763672,75.08000183105469,,4.968559336357825,0.03757455605644111,5.124620212747089
2024-11-05,16.1200008392334,84.15249633789062,75.52999877929688,,-3.415216756051487,0.05909182201477847,6.200781583809456
2024-11-06,14.869999885559082,84.11630249023438,74.91999816894531,,-7.754347944151608,0.0321092298112724,3.2667057443081404
2024-11-07,14.9399995803833,84.2511978149414,75.62999725341797,,0.47074442073262723,0.19276470919666888,3.376152908242447
2024-11-08,14.470000267028809,84.306396484375,73.87000274658203,,-3.1459124936764837,0.25555158069181516,1.0533574398548406
2024-11-11,14.270000457763672,84.38289642333984,71.83000183105469,,-1.382168663264327,0.2963121757045162,-4.328715930659088
2024-11-12,14.59000015258789,84.39649963378906,71.88999938964844,,2.2424645028663592,0.2899537227258442,-4.819276378230497
2024-11-13,15.4399995803833,84.39530181884766,72.27999877929688,,5.825904173446106,0.33168282527120674,-3.523757947371031
2024-11-14,14.779999732971191,84.4229965209961,72.55999755859375,,-4.274610526872335,0.20391247900362064,-4.059235496911873
2024-11-15,,84.47380065917969,71.04000091552734,,0.0,0.1985663980261787,-3.831056891608997
2024-11-18,15.170000076293945,84.47750091552734,73.30000305175781,,2.6387033177865504,0.11211335021361624,2.0465003246980196
2024-11-19,15.65999984741211,84.39849853515625,73.30999755859375,,3.230057802596087,0.0023684647774135925,1.9752374196706057
2024-11-20,,84.39759826660156,72.80999755859375,,0.0,0.0027210611306616173,0.7332578697395897
2024-11-21,15.989999771118164,84.38310241699219,74.2300033569336,,2.1072792268295615,-0.04725502013421812,2.301551618701869
2024-11-22,16.100000381469727,84.48829650878906,75.16999816894531,,0.6879337831527055,0.017160172143615426,5.813622184955891
2024-11-25,15.300000190734863,84.43599700927734,73.01000213623047,,-4.968945166334415,-0.04913013027161295,-0.39563561180560036
2024-11-26,15.3100004196167,84.37750244140625,72.80999755859375,,0.06536097226907955,-0.024877330893813276,-0.6820352157294374
2024-11-27,14.630000114440918,84.33910369873047,72.83000183105469,,-4.441543347735621,-0.06930833231334477,0.02747462317223004
2024-11-28,15.210000038146973,84.42030334472656,,,3.964456043534481,0.044085754930578425,-1.8860318773623486
2024-11-29,14.430000305175781,84.47160339355469,72.94000244140625,,-5.128203359730021,-0.019757902483730216,-2.966603408087265
2024-12-02,14.699999809265137,84.55699920654297,71.83000183105469,,1.8710983948663662,0.14330641142583644,-1.6162173272834646
2024-12-03,14.369999885559082,84.73709869384766,73.62000274658203,,-2.2448974693051515,0.42617551128765196,1.112491711507646
2024-12-04,14.449999809265137,84.68309783935547,72.30999755859375,,0.556714852770801,0.4078702826316283,-0.7139973354211904
2024-12-05,14.529999732971191,84.70700073242188,72.08999633789062,,0.553632697315054,0.3396071517589805,-1.0160723253593629
2024-12-06,14.140000343322754,84.68379974365234,71.12000274658203,,-2.684097706921895,0.2512043593028812,-2.4952010335977826
2024-12-09,14.109999656677246,84.66600036621094,72.13999938964844,,-0.2121689244489633,0.12890850040896407,0.4315711411547296
2024-12-10,13.779999732971191,84.84729766845703,72.19000244140625,,-2.3387663482322574,0.1300480855587427,-1.9424072966937933
2024-12-11,13.270000457763672,84.8740005493164,73.5199966430664,,-3.7010107771428435,0.22543189235126881,1.6733496408877224
2024-12-12,13.1899995803833,84.85710144042969,73.41000366210938,,-0.6028701930719693,0.17719988514521834,1.831054780515995
2024-12-13,13.050000190734863,84.83920288085938,74.48999786376953,,-1.0614055655972177,0.18350987754145454,4.738463142634597
2024-12-16,14.020000457763672,84.802001953125,73.91000366210938,,7.432952129130865,0.16063305970024366,2.4535684605438535
2024-12-17,14.489999771118164,84.91729736328125,73.19000244140625,,3.3523487732429302,0.08250079466023408,1.385233364982441
2024-12-18,14.369999885559082,84.91539764404297,73.38999938964844,,-0.8281565731855234,0.0487747654860593,-0.17681890554088753
2024-12-19,14.510000228881836,85.16549682617188,72.87999725341797,,0.9742543106311619,0.36342908313771183,-0.7219811772941953
2024-12-20,15.069999694824219,85.27940368652344,72.94000244140625,,3.8594035638105373,0.5188648534124596,-2.0808101313118277
2024-12-23,13.520000457763672,84.94499969482422,72.62999725341797,,-10.285330248499559,0.1686254314824609,-1.7318446019068623
2024-12-24,13.180000305175781,85.0988998413086,73.58000183105469,,-2.514793942870397,0.2138580520885336,0.5328588285820279
2024-12-25,,85.18150329589844,,,0.0,0.31337738412409166,0.2588941858378657
2024-12-26,14.039999961853027,85.41339874267578,73.26000213623047,,6.525035180306671,0.2910825695174202,0.5214117688439934
2024-12-27,13.239999771118164,85.26090240478516,74.16999816894531,,-5.698007071997724,-0.021694900454849453,1.6863116073064788
2024-12-30,13.970000267028809,85.38600158691406,74.38999938964844,,5.513599007026215,0.5191616854131498,2.4232441178395403
2024-12-31,14.449999809265137,85.7865982055664,74.63999938964844,,3.435930802157494,0.8081166331647349,1.4406055072240687
2025-01-02,13.739999771118164,85.78569793701172,75.93000030517578,,-4.91349513853786,0.7093026276073777,3.1938005105203393
2025-01-03,13.539999961853027,85.80400085449219,76.51000213623047,,-1.4556027117667125,0.4573077732138664,4.436254306895138
2025-01-06,15.649999618530273,85.75900268554688,76.30000305175781,,15.583453933691738,0.5842071415065986,2.8717876977167434
2025-01-07,14.65999984741211,85.68070220947266,77.05000305175781,,-6.325877285939107,0.3451392699992173,3.575754380876517
2025-01-08,14.470000267028809,85.80650329589844,76.16000366210938,,-1.2960408073731333,0.02320303024994086,2.036447327023616
2025-01-09,14.65999984741211,85.90750122070312,76.91999816894531,,1.3130585824260965,0.1419855367742473,1.3038296586205256
2025-01-10,14.920000076293945,85.91999816894531,79.76000213623047,,1.773535004011162,0.13518870134019423,4.247810625090809
2025-01-13,16.0,86.18800354003906,81.01000213623047,,7.238605349754934,0.5002400226891801,6.172999863810813
2025-01-14,15.470000267028809,86.65059661865234,79.91999816894531,,-3.3124983310699463,1.1319869984357522,3.7248475061832265
2025-01-15,15.260000228881836,86.535400390625,82.02999877929688,,-1.3574662865038611,0.8494660273161481,7.707451201329052
2025-01-16,15.470000267028809,86.43099975585938,81.29000091552734,,1.3761470183304203,0.6093746503129438,5.681230955029215
2025-01-17,15.75,86.6061019897461,80.79000091552734,,1.8099529937821268,0.7985379834991146,1.2913725573096446
2025-01-20,16.420000076293945,86.56900024414062,,,4.2539687383742475,0.44205305663516103,-0.2715729106304132
2025-01-21,17.059999465942383,86.21109771728516,79.29000091552734,,3.8976820138534762,-0.5072081653417992,-0.7882848696845524
2025-01-22,16.770000457763672,86.45189666748047,79.0,,-1.6998770061959712,-0.09649660458909137,-3.6937691385917737
2025-01-23,16.700000762939453,86.47270202636719,78.29000091552734,,-0.4174102141530467,0.04824920529162835,-3.690490793716994
2025-01-24,16.75,86.44020080566406,78.5,,0.2993966154271277,-0.19155830856083522,-2.8345103225357438
2025-01-27,18.1299991607666,86.2030029296875,77.08000183105469,,8.238800959800606,-0.42278103411260703,-4.592151308862801
2025-01-28,18.200000762939453,86.46839904785156,77.48999786376953,,0.38610924110982214,0.29845499869423087,-2.270151382234775
2025-01-29,18.639999389648438,86.58460235595703,76.58000183105469,,2.4175747706832507,0.15350234476287916,-3.063288821449761
2025-01-30,17.389999389648438,86.6406021118164,76.87000274658203,,-6.706008803273766,0.1941654204329346,-1.8137669591771322
2025-01-31,16.25,86.64700317382812,76.76000213623047,,-6.555488382173447,0.23924327597177886,-2.2165577882414356
2025-02-03,14.350000381469727,86.55400085449219,75.95999908447266,,-11.692305344801678,0.4071759832902533,-1.4530393357240379
2025-02-04,14.020000457763672,86.94339752197266,76.19999694824219,,-2.2996509751469163,0.5493318707777028,-1.6647321603947107
2025-02-05,14.079999923706055,87.13009643554688,74.61000061035156,,0.4279562338327825,0.6300128022154183,-2.572474763123145
2025-02-06,14.180000305175781,87.33409881591797,74.29000091552734,,0.7102299858777528,0.8004292297121296,-3.3563181200346737
2025-02-07,13.6899995803833,87.58830261230469,74.66000366210938,,-3.455576264082505,1.0863612173500847,-2.7357978317849696
2025-02-10,14.449999809265137,87.51309967041016,75.87000274658203,,5.551499285440853,1.1080929898669156,-0.11847859264787486
2025-02-11,14.869999885559082,87.49009704589844,77.0,,2.9065749608152114,0.628799356256593,1.049872813382402
2025-02-12,14.899999618530273,86.81120300292969,75.18000030517578,,0.20174669268373524,-0.3659968778447098,0.7639722425429651
2025-02-13,14.960000038146973,86.8740005493164,75.0199966430664,,0.4026873902874373,-0.5268254586004883,0.9826298540083656
2025-02-14,15.020000457763672,86.75409698486328,74.73999786376953,,0.40107232261832326,-0.9524167069818512,0.10714465274095364
2025-02-17,15.720000267028809,86.43460083007812,,,4.660451317784853,-1.2323856021485335,-1.489396127461462
2025-02-18,15.670000076293945,86.85479736328125,75.83999633789062,,-0.31806736568404936,-0.7261389620860759,-1.5064982624797052
2025-02-19,15.420000076293945,86.88719940185547,76.04000091552734,,-1.5954052251614725,0.08754215619293237,1.1439220628632452
2025-02-20,14.680000305175781,86.872802734375,76.4800033569336,,-4.798960878449076,-0.0013787956509747623,1.946156730469717
2025-02-21,14.529999732971191,86.45120239257812,74.43000030517578,,-1.0218022417322725,-0.3491415423734989,-0.4147679521730674
2025-02-24,14.4399995803833,86.52940368652344,74.77999877929688,,-0.6194091826695947,0.1096816038193893,0.05352009187939988
2025-02-25,13.720000267028809,86.69010162353516,73.0199966430664,,-4.986144974218765,-0.18962192618702245,-3.7183542075348353
2025-02-26,,87.0811996459961,72.52999877929688,,0.0,0.2232782797421784,-4.615994337151208
2025-02-27,13.3100004196167,87.16220092773438,74.04000091552734,,-2.988337022101961,0.33312864815038257,-3.1903796212177316
2025-02-28,13.90999984741211,87.3270034790039,73.18000030517578,,4.507884364234216,1.0130583059432041,-1.6794303303436564
2025-03-03,13.760000228881836,87.46399688720703,71.62000274658203,,-1.0783581608606596,1.0800874163763075,-4.225723568197893
2025-03-04,13.829999923706055,87.32959747314453,71.04000091552734,,0.5087187039233498,0.7376803552341826,-2.7115801404615225
2025-03-05,13.670000076293945,87.21700286865234,69.30000305175781,,-1.1569041814516123,0.15595010542841514,-4.453323841032574
2025-03-06,13.729999542236328,86.88929748535156,69.45999908447266,,0.4389134279993989,-0.31309838379262045,-6.185847885496432
2025-03-07,13.470000267028809,87.12879943847656,70.36000061035156,,-1.893658294799705,-0.22696764188754326,-3.8535114554034355
2025-03-10,13.989999771118164,87.07379913330078,69.27999877929688,,3.860426828366026,-0.4461238541493162,-3.2672492007085663
2025-03-11,14.069999694824219,87.3551025390625,69.55999755859375,,0.5718364904566453,0.02920552327727588,-2.083338031897608
2025-03-12,13.6899995803833,87.20010375976562,70.94999694824219,,-2.700782677207192,-0.019375933970311454,2.3809434687211306
2025-03-13,13.279999732971191,87.3405990600586,69.87999725341797,,-2.9948857558739994,0.5193983468253061,0.6046619269812314
2025-03-14,,86.9220962524414,70.58000183105469,,0.0,-0.2372386482624611,0.3126793899867586
2025-03-17,13.420000076293945,86.93900299072266,71.06999969482422,,1.0542194739293853,-0.1548067776068529,2.5837196118171146
2025-03-18,13.210000038146973,86.91639709472656,70.55999755859375,,-1.5648288893673867,-0.5022092946886048,1.437607871043478
2025-03-19,13.300000190734863,86.57610321044922,70.77999877929688,,0.6813031970325012,-0.7155961087334406,-0.23960278542271007
2025-03-20,12.600000381469727,86.33709716796875,72.0,,-5.263156385161372,-1.1489523805530588,3.033776230548346
2025-03-21,12.579999923706055,86.33609771728516,72.16000366210938,,-0.15873378696944496,-0.6741652127836173,2.2385970389129373
2025-03-24,13.699999809265137,85.98699951171875,73.0,,8.903019812015467,-1.0950246106520178,2.715632916087296
2025-03-25,13.640000343322754,85.53209686279297,73.0199966430664,,-0.43795231224605935,-1.592680182572348,3.486393380937769
2025-03-26,13.470000267028809,85.59040069580078,73.79000091552734,,-1.2463348388196072,-1.1385387862195562,4.252616824162603
2025-03-27,13.300000190734863,86.09539794921875,74.02999877929688,,-1.262064386962658,-0.27994828026216556,2.8194427490234375
2025-03-28,12.720000267028809,85.69490051269531,73.62999725341797,,-4.360901619460867,-0.7426756843811666,2.0371307049704024
2025-03-30,,85.53880310058594,,,0.0,-0.5212374122575691,0.8630099361889965
2025-03-31,,85.46810150146484,74.73999786376953,,0.0,-0.07482028814373987,2.3555208159085073
2025-04-01,13.779999732971191,85.61009979248047,74.48999786376953,,8.333328959826991,0.023015544406312927,0.9486338793294191
2025-04-02,13.720000267028809,85.65119934082031,74.94999694824219,,-0.43540977579863416,-0.5159376911881397,1.2427369770571906
2025-04-03,13.600000381469727,85.28289794921875,70.13999938964844,,-0.8746347173728575,-0.4807783905595664,-4.739913070698265
2025-04-04,13.760000228881836,,65.58000183105469,,1.176469433266436,-0.2991684967420749,-10.93303778710869
2025-04-06,,85.529296875,,,0.0,0.07160024905210616,-12.255815218794897
2025-04-07,22.790000915527344,86.0270004272461,64.20999908447266,,65.62500389855954,0.48697599439342376,-13.800508892613173
2025-04-08,20.440000534057617,86.435302734375,62.81999969482422,,-10.311541408796598,0.915461078874813,-16.18411974291942
2025-04-09,21.43000030517578,86.20929718017578,65.4800033569336,,4.8434429806819335,1.0862661251364258,-6.6438495484255515
2025-04-10,,86.2603988647461,63.33000183105469,,0.0,1.146186326957821,-3.430923966419497
2025-04-11,20.110000610351562,,64.76000213623047,,-6.159587848934434,0.8547971472448568,-1.2503807135240352
2025-04-13,,86.19300079345703,,,0.0,0.19296309924385913,0.856569163058607
2025-04-14,,86.0447998046875,64.87999725341797,,0.0,-0.45178638511575997,3.2792065721125363
2025-04-15,16.1299991607666,85.72669982910156,64.66999816894531,,-19.79115528985249,-0.559797338407253,-1.2370267966739679
2025-04-16,15.869999885559082,85.62049865722656,65.8499984741211,,-1.6118988762251263,-0.7418238449405701,3.9791513819768864
2025-04-17,15.470000267028809,,67.95999908447266,,-2.520476505448832,-0.7418238449405701,4.941316928172124
2025-04-21,15.520000457763672,85.15889739990234,66.26000213623047,,0.3232074329140744,-1.1997533257168902,2.3162445190235914
2025-04-22,15.229999542236328,85.2323989868164,67.44000244140625,,-1.868562544933916,-0.9441602743165856,3.9457541559211773
2025-04-23,15.960000038146973,85.4999008178711,66.12000274658203,,4.793174772502029,-0.26456052977963385,2.242159608306604
2025-04-24,16.25,85.2573013305664,66.55000305175781,,1.8170423631571397,-0.4241943604115006,1.0630289959867145
2025-04-25,17.15999984741211,,66.87000274658203,,5.599999060997596,-0.4241943604115006,-1.6038792710043825
2025-04-27,,85.38490295410156,,,0.0,0.2653927670503986,0.9206166475778321
2025-04-28,16.940000534057617,85.1603012084961,65.86000061035156,,-1.2820472920206383,-0.08458963865544122,-2.342825880570565
2025-04-29,17.3700008392334,85.1707992553711,64.25,,2.5383724416730313,-0.38491455469760183,-2.828195204028028
2025-04-30,18.219999313354492,84.53119659423828,63.119998931884766,,4.89348550980615,-0.8516628194843001,-5.15402548848185
2025-05-01,,84.69670104980469,62.130001068115234,,0.0,-0.6575393215744851,-7.0883826585592224
2025-05-02,18.260000228881836,,61.290000915527344,,0.21954400128887386,-0.8059995157069122,-8.344551520659094
2025-05-04,,84.52629852294922,,,0.0,-0.7444814973054825,-6.938960905666813
2025-05-05,18.34000015258789,84.2208023071289,60.22999954223633,,0.4381156774550199,-1.1154021760366173,-6.256810050994044
2025-05-06,19.0,84.79319763183594,62.150001525878906,,3.598690523014958,0.3099459704271057,-1.5367513029469815
2025-05-07,19.059999465942383,84.81719970703125,61.119998931884766,,0.31578666285465573,0.1422707800103229,-1.6256271026346303
2025-05-08,21.010000228881836,86.08219909667969,62.84000015258789,,10.230854237031007,1.6358347252040772,2.5289593961612455
2025-05-09,21.6299991607666,,63.90999984741211,,2.9509706098549637,1.8407295728299689,4.274757534260387
2025-05-11,,85.4083023071289,,,0.0,1.4099841932988522,6.109912557105668
2025-05-12,18.389999389648438,84.9656982421875,64.95999908447266,,-14.979195084736807,0.20343685008854528,4.521315349322541
2025-05-13,18.200000762939453,85.060302734375,66.62999725341797,,-1.0331627678896615,0.286619964091539,9.01504976738272
2025-05-14,17.229999542236328,85.48760223388672,66.08999633789062,,-5.329676813411632,-0.6907314973740086,5.171858971055232
2025-05-15,16.889999389648438,85.44490051269531,64.52999877929688,,-1.9733033175911574,-0.7403372482022941,0.9701125541621725
2025-05-16,16.549999237060547,,65.41000366210938,,-2.01302643501734,0.04285087582562852,2.3470565142835076
2025-05-18,,85.50029754638672,,,0.0,0.6291942692866259,0.6927410467656214
2025-05-19,17.360000610351562,85.37210083007812,65.54000091552734,,4.894268342183206,0.3665612344183611,-1.6358943161065675
2025-05-20,17.389999389648438,85.53610229492188,65.37999725341797,,0.17280402213226687,0.05673344411094572,-1.0742913055142633
2025-05-21,17.549999237060547,85.60030364990234,64.91000366210938,,0.9200681600216143,0.1818752626248754,0.5888809700929531
2025-05-22,17.260000228881836,85.97489929199219,64.44000244140625,,-1.6524160728526804,0.6202813463608958,-1.4829554600147898
2025-05-23,17.280000686645508,,64.77999877929688,,0.11587750578476719,0.5550878291949557,-0.9631628918214674
2025-05-25,,85.19930267333984,,,0.0,-0.20240588559746753,-1.1596004357857903
2025-05-26,18.020000457763672,85.158203125,,,4.282405912692222,-0.4418007832750037,-0.9177095431733506
2025-05-27,18.540000915527344,85.3604965209961,64.08999633789062,,2.885685041920394,-0.2801475213067506,-1.263298841404048
2025-05-28,18.020000457763672,85.38590240478516,64.9000015258789,,-2.8047488246247587,-0.685080054826992,0.7138408861652623
2025-05-29,16.420000076293945,85.36129760742188,64.1500015258789,,-8.879025198805635,-0.7136986371875431,-0.9725181619165357
2025-05-30,16.079999923706055,,63.900001525878906,,-2.070646473861837,0.19013645534533552,-1.3584397499235679
2025-06-01,,85.52429962158203,,,0.0,0.4299016220958185,-1.3584397499235679
2025-06-02,17.15999984741211,85.36370086669922,64.62999725341797,,6.716417467849967,0.0037538976853657147,0.842566619414975
2025-06-03,16.559999465942383,85.70880126953125,65.62999725341797,,-3.4965057506117225,0.3781641414473125,1.1248007864036458
2025-06-04,15.75,85.9041976928711,64.86000061035156,,-4.891301280584237,0.6360026155483478,1.106779528580737
2025-06-05,15.079999923706055,85.87750244140625,65.33999633789062,,-4.253968738374258,0.6047293661799902,2.253512954031045
2025-06-06,14.630000114440918,,66.47000122070312,,-2.9840836309138696,0.41298534029161615,4.02190865955363
2025-06-08,,85.7853012084961,,,0.0,0.4938871411576118,2.8469813484137907
2025-06-09,14.6899995803833,85.75599670410156,67.04000091552734,,0.4101125459538446,0.05506486366773089,2.1484134102046415
2025-06-10,14.020000457763672,85.65280151367188,66.87000274658203,,-4.56091995750858,-0.2926471417590393,3.098985688121747
2025-06-11,13.670000076293945,85.46980285644531,69.7699966430664,,-2.4964363055773764,-0.4747455076946516,6.779921263336264
2025-06-12,14.020000457763672,85.68840026855469,69.36000061035156,,2.560353910141422,-0.2201998980822517,4.347825088873769
2025-06-13,15.079999923706055,,74.2300033569336,,7.560623618634765,-0.11295750970891083,11.674442596239176
2025-06-15,,86.24919891357422,,,0.0,0.5751227067821718,10.724943829380162
2025-06-16,14.84000015258789,86.10420227050781,73.2300033569336,,-1.5915104266073565,0.5270122504561492,9.510991998092354
2025-06-17,14.399999618530273,86.36270141601562,76.44999694824219,,-2.9649631370178064,1.0446947690636588,9.574316506491654
2025-06-18,14.279999732971191,86.61360168457031,76.69999694824219,,-0.8333325606805109,1.0797277264086746,10.58246290844924
2025-06-19,14.260000228881836,86.58380126953125,,,-0.14005255226425817,1.0449500727873318,3.32748683767623
2025-06-20,13.670000076293945,,77.01000213623047,,-4.137448408962296,0.3879483637782233,3.7451147158505504
2025-06-22,,86.5802993774414,,,0.0,0.552931325509376,5.161817023102699
2025-06-23,14.050000190734863,86.23300170898438,71.4800033569336,,2.7798106241411213,-0.15018023394900437,-6.500972910009861
2025-06-24,13.640000343322754,85.90480041503906,67.13999938964844,,-2.918148340542226,-0.8183486839775655,-12.464143336335354
2025-06-25,12.960000038146973,86.006103515625,67.68000030517578,,-4.985339355278418,-0.6672122792436674,-11.760100393684736
2025-06-26,12.59000015258789,85.66639709472656,67.7300033569336,,-2.854937380169831,-1.0595563619906878,-12.050381147737909
2025-06-27,12.390000343322754,,67.7699966430664,,-1.5885608168481724,-1.0555545421837231,-11.99844856103045
2025-06-29,,85.4552993774414,,,0.0,-0.9018616030177506,-5.190272159531617
2025-06-30,12.789999961853027,85.71399688720703,67.61000061035156,,3.228406839761244,-0.22211043726332313,0.7000316130112871
2025-07-01,12.529999732971191,85.6427993774414,67.11000061035156,,-2.032839950408938,-0.4224166929241102,-0.8421981268528889
2025-07-02,12.449999809265137,85.69409942626953,69.11000061035156,,-0.6384670822900729,0.03233745375370578,2.037497689385104
2025-07-03,12.390000343322754,85.31909942626953,68.80000305175781,,-0.48192342860705617,-0.4054071143823168,1.5198560715832476
2025-07-04,12.319999694824219,,68.29000091552734,,-0.5649769698050089,-0.15938151544037105,0.7673075080698588
2025-07-06,,85.49629974365234,,,0.0,-0.2539808566402013,1.0057688197560255
2025-07-07,12.5600004196167,85.89199829101562,69.58000183105469,,1.9480578793626746,0.290974740883887,3.6805262974802133
2025-07-08,12.199999809265137,85.7073974609375,70.1500015258789,,-2.8662468019451603,0.01551802837884697,1.5048486562617258
2025-07-09,11.9399995803833,85.70850372314453,70.19000244140625,,-2.13114945038263,0.45640929111250284,2.0203478604539526
2025-07-10,11.670000076293945,85.73480224609375,68.63999938964844,,-2.261302458778547,0.48723301420152687,0.5125178934380692
2025-07-11,11.819999694824219,,70.36000061035156,,1.2853437664921419,0.2789623681451969,3.0311900235361566
2025-07-13,,85.82129669189453,,,0.0,-0.08231453514627729,1.1210100011074475
2025-07-14,11.979999542236328,85.96839904785156,69.20999908447266,,1.3536366458805515,0.30452632403523694,-1.339989195951019
2025-07-15,11.479999542236328,85.99310302734375,68.70999908447266,,-4.173622863984383,0.332054920849556,-2.1085671825828545
2025-07-16,11.239999771118164,85.88520050048828,68.5199966430664,,-2.090590424112604,0.17542264104468686,-0.17482917781046492
2025-07-17,11.239999771118164,86.04650115966797,69.5199966430664,,0.0,0.3635617105402833,-1.1938657760067861
2025-07-18,11.390000343322754,,69.27999877929688,,1.3345246909170383,0.26241093580996466,-1.5349656362791397
2025-07-20,,86.14859771728516,,,0.0,0.20961035849149656,0.10114101394333996
2025-07-21,11.199999809265137,86.19529724121094,69.20999908447266,,-1.6681345770898304,0.23512840768509236,0.7276961237989488
2025-07-22,10.75,86.3427963256836,68.58999633789062,,-4.017855508290968,0.5327993909645778,0.10215951292125158
2025-07-23,10.520000457763672,86.39869689941406,68.51000213623047,,-2.1395306254542112,0.4093086122032519,-1.452811501159168
2025-07-24,10.720000267028809,86.4302978515625,69.18000030517578,,1.901138788616108,0.4460340475463953,-0.1443396014478182
2025-07-25,11.279999732971191,,68.44000244140625,,5.223875485010554,0.32699329036300906,-1.212465867048551
2025-07-27,,86.506103515625,,,0.0,0.36058379559187337,-1.1125511533768506
2025-07-28,12.0600004196167,86.77760314941406,70.04000091552734,,6.914899867998958,0.5035820499609267,2.1140175755275603
2025-07-29,11.529999732971191,87.06320190429688,72.51000213623047,,-4.394698741331826,0.7691146148377959,5.838563531272545
2025-07-30,11.210000038146973,87.714599609375,73.23999786376953,,-2.7753660211209508,1.485939294132943,5.868744638166756
2025-07-31,11.539999961853027,87.4894027709961,72.52999877929688,,2.9437994878062756,1.225386173321441,5.976031841016094
2025-08-01,11.979999542236328,,69.66999816894531,,3.812821333082983,1.1366819396662509,1.797188316280529
2025-08-03,,87.24530029296875,,,0.0,0.5389606610237907,-0.5282734747937501
2025-08-04,11.970000267028809,87.89330291748047,68.76000213623047,,-0.08346640725874765,0.9534464561687939,-5.17170030274523
2025-08-05,11.710000038146973,87.72309875488281,67.63999938964844,,-2.1720987726124186,0.009689544894087021,-7.646093169660384
2025-08-06,11.960000038146973,87.76249694824219,66.88999938964844,,2.134927405513154,0.3121454354430897,-7.776091940674801
2025-08-07,11.6899995803833,87.43319702148438,66.43000030517578,,-2.257528903867001,-0.06424292283585542,-4.650492247628235
2025-08-08,12.029999732971191,,66.58999633789062,,2.9084701864184437,0.21536601729224003,-4.420843852451206
2025-08-10,,87.48829650878906,,,0.0,-0.46079325187227127,-3.1559129303697975
2025-08-11,12.220000267028809,87.66449737548828,66.62999725341797,,1.579389345594695,-0.06680267822991581,-1.4932024620701534
2025-08-12,12.229999542236328,87.59559631347656,66.12000274658203,,0.08182712756970023,-0.19017307001195638,-1.1511386606255058
2025-08-13,12.140000343322754,87.44999694824219,65.62999725341797,,-0.7358888166983268,0.019214585912585846,-1.20427976529075
2025-08-14,12.359999656677246,87.69180297851562,66.83999633789062,,1.8121853964814472,0.2957754786979905,0.3754317671553098
2025-08-15,,,65.8499984741211,,0.0,0.23260993509699457,-1.1112748227446012
2025-08-17,,87.51280212402344,,,0.0,-0.17304069036647718,-1.170642070312955
2025-08-18,12.34000015258789,87.29509735107422,66.5999984741211,,-0.16180829000712604,-0.3430525905970816,0.7259463212346606
2025-08-19,11.789999961853027,87.0791015625,65.79000091552734,,-4.4570517336624205,-0.42412281153274556,0.24379653939576862
2025-08-20,11.789999961853027,87.01820373535156,66.83999633789062,,0.0,-0.7681439088771946,0.0
2025-08-21,11.369999885559082,87.29340362548828,67.66999816894531,,-3.562341625554455,-0.4543176665268822,2.763856851932167
2025-08-22,11.729999542236328,,67.7300033569336,,3.166223925248035,-0.25070446061620233,2.8549809056583886
2025-08-24,,87.3301010131836,,,0.0,0.04009808473963705,1.696704067120347
2025-08-25,11.760000228881836,87.60859680175781,68.80000305175781,,0.25576033943977006,0.6080623591158352,4.575166582069556
2025-08-26,12.1899995803833,87.60070037841797,67.22000122070312,,3.6564569994260054,0.6693963079701826,0.5685291795820779
2025-08-27,,87.65910339355469,68.05000305175781,,0.0,0.41893173238536363,0.561555923001178
2025-08-28,12.180000305175781,87.5916976928711,68.62000274658203,,-0.08202851149897716,0.3417143277659074,1.3140400790447204
2025-08-29,11.75,,68.12000274658203,,-3.5303800854016076,0.2995492695559987,0.5758148092702253
2025-08-31,,88.17430114746094,,,0.0,0.6457178477395464,-0.9883724927515214
2025-09-01,11.289999961853027,88.00140380859375,,,-3.9148939416763673,0.45742034988855984,1.3388894816052321
2025-09-02,11.399999618530273,87.99829864501953,69.13999938964844,,0.9743105141622355,0.3869481187162016,1.601757955927785
2025-09-03,10.930000305175781,88.072998046875,67.5999984741211,,-4.1228011322958835,0.5494817050943901,-1.4864532667360542
2025-09-04,10.850000381469727,88.19290161132812,66.98999786376953,,-0.7319297481462206,0.6863708939231605,-1.6588444469333163
2025-09-05,10.779999732971191,,65.5,,-0.645167244584488,0.02109510778665058,-3.846157723053667
2025-09-07,,88.1863021850586,,,0.0,0.21010843970967752,-3.846157723053667
2025-09-08,10.84000015258789,87.98049926757812,66.0199966430664,,0.5565901772073722,-0.020226956333790902,-4.512587176923166
2025-09-09,10.6899995803833,88.21829986572266,66.38999938964844,,-1.3837690968000582,0.16497884944295382,-1.7899395144748032
2025-09-10,10.539999961853027,88.05339813232422,67.48999786376953,,-1.4031770291696777,-0.15817994017104375,0.7463800805260545
2025-09-11,10.359999656677246,88.2676010131836,66.37000274658203,,-1.7077827877348017,0.08470001609048872,1.3282484680641637
2025-09-12,10.119999885559082,,66.98999786376953,,-2.316600184088602,0.09218985954801973,2.2748058988847797
2025-09-14,,88.27729797363281,,,0.0,0.3373460124976413,1.4692536655937616
2025-09-15,10.399999618530273,88.12349700927734,67.44000244140625,,2.766795811635747,-0.10746393502211182,1.5815680997302906
2025-09-16,10.270000457763672,87.88459777832031,68.47000122070312,,-1.2499919762975265,-0.19170225974725064,1.4520719928184933
2025-09-17,10.25,87.91069793701172,67.94999694824219,,-0.19474641550334404,-0.4043421052290386,2.380584806803432
2025-09-18,9.890000343322754,88.20690155029297,67.44000244140625,,-3.5121917724609375,-0.06876754572898713,0.6717489057871617
2025-09-19,9.970000267028809,,66.68000030517578,,0.8088970771377824,-0.07974465117959184,-0.4627520054921619
2025-09-21,,88.09919738769531,,,0.0,-0.027574508963790212,-1.126930766188483
2025-09-22,10.5600004196167,88.30439758300781,66.56999969482422,,5.917754631753058,0.47767164588543576,-2.774940108084012
2025-09-23,10.630000114440918,88.80799865722656,67.62999725341797,,0.6628758716162864,1.0206957074300194,-0.4709340827019681
2025-09-24,10.520000457763672,88.77860260009766,69.30999755859375,,-1.0348039086830352,0.6481364153560154,2.772827772081121
2025-09-25,10.779999732971191,88.77310180664062,69.41999816894531,,2.4714758925285185,0.6419001760591625,4.109174941855609
2025-09-26,11.430000305175781,,70.12999725341797,,6.029690058493498,0.7649382048052988,5.1739606065574595
2025-09-28,,88.67680358886719,,,0.0,0.42172985270558794,5.347750600741752
2025-09-29,11.369999885559082,88.70449829101562,67.97000122070312,,-0.5249380403737125,-0.11654396875940831,0.5027413590024565
2025-09-30,11.069999694824219,88.8406982421875,67.0199966430664,,-2.6385241315251884,0.06994437879310755,-3.3039979745943637
2025-10-01,10.289999961853027,88.68299865722656,65.3499984741211,,-7.046068242765003,-0.10149825519256694,-5.862863443066058
2025-10-02,,88.72019958496094,64.11000061035156,,0.0,-0.05959262502160945,-8.58405372712745
2025-10-03,10.0600004196167,,64.52999877929688,,-2.2351753458598633,0.04893725792705084,-7.985168534778698
2025-10-05,,88.73509979248047,,,0.0,0.03449825212296087,-5.061059849383165
2025-10-06,10.1899995803833,88.72109985351562,65.47000122070312,,1.29223812469339,-0.13462117142060137,-2.3127357505226542
2025-10-07,10.050000190734863,88.74259948730469,65.44999694824219,,-1.3738900433121648,0.06720660214534213,0.15301985685691744
2025-10-08,10.3100004196167,88.7771987915039,66.25,,2.587066904949231,0.06424603056531808,3.338011806699148
2025-10-09,10.119999885559082,88.86540222167969,65.22000122070312,,-1.8428761040213515,0.16366355959298584,1.0692739105205407
2025-10-10,10.100000381469727,,62.72999954223633,,-0.19762356043001583,0.14684429217293182,-2.789399149404659
2025-10-12,,88.7573013305664,,,0.0,0.04080368380301458,-4.185125442765902
2025-10-13,11.010000228881836,88.66510009765625,63.31999969482422,,9.00989913903041,-0.08733053809126812,-3.254388621442361
2025-10-14,11.15999984741211,88.78250122070312,62.38999938964844,,1.3623943270844707,0.005972737675219442,-5.826416015625002
2025-10-15,10.529999732971191,87.80950164794922,61.90999984741211,,-5.645162392963732,-1.1882020981534125,-5.075132338759147
2025-10-16,10.869999885559082,87.9906997680664,61.060001373291016,,3.2288714264948393,-0.984300337077515,-2.662200193100428
2025-10-17,11.630000114440918,,61.290000915527344,,6.99172251042528,-0.8637053526952987,-2.295550194830509
2025-10-19,,88.0022964477539,,,0.0,-0.747536120945369,-3.205936179849367
2025-10-20,11.359999656677246,87.87999725341797,61.0099983215332,,-2.3215860284335976,-1.0165336129037805,-2.2118946651956573
2025-10-21,11.300000190734863,88.00160217285156,61.31999969482422,,-0.5281643288353122,0.21876963346463274,-0.9529965337458424
2025-10-22,,87.74030303955078,62.59000015258789,,0.0,-0.2845718117660656,2.505730011277274
2025-10-23,11.729999542236328,87.77899932861328,65.98999786376953,,3.8053039313577397,-0.24059410825364447,7.668456319196237
2025-10-24,11.59000015258789,,65.94000244140625,,-1.1935157298543775,-0.25374010469509933,7.586884412496175
2025-10-27,11.859999656677246,87.8290023803711,65.62000274658203,,2.329590168547746,-0.058027850069020115,7.55614579884647
2025-10-28,11.949999809265137,88.22209930419922,64.4000015258789,,0.7588545969073435,0.25056036015635996,5.022834061290227
2025-10-29,11.970000267028809,88.22550201416016,64.91999816894531,,0.16736785006612465,0.5529944139703424,3.7226362209252795
2025-10-30,12.069999694824219,88.34559631347656,65.0,,0.8354170890944479,0.6454812531436316,-1.500224118529736
2025-10-31,12.149999618530273,88.6344985961914,65.06999969482422,,0.6627997160626231,0.9746058557530857,-1.3193853721117255
2025-11-03,12.670000076293945,88.77539825439453,64.88999938964844,,4.279839292921506,1.0775436910062774,-1.1124707808269907
2025-11-04,12.649999618530273,88.72339630126953,64.44000244140625,,-0.1578568085496168,0.5682215692258463,0.06211322139684228
2025-11-05,,88.73200225830078,63.52000045776367,,0.0,0.5740973217237544,-2.1564968432967957
2025-11-06,12.40999984741211,88.55690002441406,63.380001068115234,,-1.8972314494508091,0.23917854398507465,-2.492306049053483
2025-11-07,12.5600004196167,88.6729965209961,63.630001068115234,,1.208707284842303,0.04343447011538881,-2.2129992830221656
2025-11-10,12.300000190734863,88.65799713134766,64.05999755859375,,-2.0700654474163693,-0.13224510996892036,-1.279090520668269
2025-11-11,12.489999771118164,88.70709991455078,65.16000366210938,,1.5447120116828916,-0.01836763176131795,1.1173202877479804
2025-11-12,12.109999656677246,88.46649932861328,62.709999084472656,,-3.042434919171333,-0.2992189096720832,-1.2751910696688462
2025-11-13,12.15999984741211,88.59400177001953,63.0099983215332,,0.4128835024969968,0.041895939893143996,-0.5837846960342952
2025-11-14,11.9399995803833,88.81610107421875,64.38999938964844,,-1.8092127449790163,0.1613845915185319,1.1944024968970846
2025-11-17,11.789999961853027,88.68199920654297,64.19999694824219,,-1.2562782562967056,0.027072656694193675,0.21854416950357614
2025-11-18,12.100000381469727,88.63590240478516,64.88999938964844,,2.6293504717533223,-0.08026134304267574,-0.41437117447239435
2025-11-19,11.970000267028809,88.55680084228516,63.5099983215332,,-1.0743810772105733,0.10207424771770945,1.2757124043055956
2025-11-20,12.140000343322754,88.48719787597656,63.380001068115234,,1.42021781538475,-0.12055431734556699,0.5872127542266403
2025-11-21,13.630000114440918,88.69219970703125,62.560001373291016,,12.27347387957607,-0.1395032721420164,-2.842053166180991
2025-11-24,13.239999771118164,89.63400268554688,63.369998931884766,,-2.861337784653062,1.0735025005318866,-1.292831862634769
2025-11-25,12.239999771118164,89.14779663085938,62.47999954223633,,-7.552870221202024,0.5775246961851721,-3.7139773001701792
2025-11-26,11.970000267028809,89.15059661865234,63.130001068115234,,-2.205878342632439,0.6705253246723553,-0.5983266626683692
2025-11-27,11.789999961853027,89.16300201416016,,,-1.5037619144553371,0.7637309739775056,-0.3944461908912289
2025-11-28,11.619999885559082,89.36479949951172,63.20000076293945,,-1.4419005669549345,0.758352814229668,1.023016904730567
2025-12-01,11.630000114440918,89.3499984741211,63.16999816894531,,0.08606049036423702,-0.31684874368728133,-0.3156079632483988
2025-12-02,11.229999542236328,89.61270141601562,62.45000076293945,,-3.4393857976657394,0.5214989071253395,-0.04801341151834393
2025-12-03,11.210000038146973,89.91719818115234,62.66999816894531,,-0.17808998134093423,0.8598950445381615,-0.7286597360795177
2025-12-04,10.819999694824219,90.17050170898438,63.2599983215332,,-3.4790396252953215,1.1299526396208792,0.2059199290646463
2025-12-05,10.319999694824219,89.8364028930664,63.75,,-4.62107221906094,0.5277283630645391,0.8702519468687608
2025-12-08,11.130000114440918,89.93800354003906,62.4900016784668,,7.848841507456039,0.6580918589363716,-1.0764548206252833
2025-12-09,10.949999809265137,90.12999725341797,61.939998626708984,,-1.61725339914629,0.5772572740563531,-0.8166567333865005
2025-12-10,10.90999984741211,89.91690063476562,62.209999084472656,,-0.3652964616417842,-0.0003309115416572084,-0.734002071027029
2025-12-11,10.399999618530273,89.79299926757812,61.279998779296875,,-4.674612612417317,-0.4186540323625976,-3.129939289869299
2025-12-12,10.109999656677246,90.25299835205078,61.119998931884766,,-2.7884612739438763,0.463726780646212,-4.125491871553311
2025-12-15,10.25,90.5770034790039,60.560001373291016,,1.384770999772389,0.7104893524575218,-3.0884945644685913
2025-12-16,10.0600004196167,90.77690124511719,58.91999816894531,,-1.853654442763908,0.7177454914153891,-4.8756869950291275
2025-12-17,9.84000015258789,90.94889831542969,59.68000030517578,,-2.186881290778231,1.1477238131860634,-4.066868375711574
2025-12-18,9.710000038146973,90.4136962890625,59.81999969482422,,-1.3211393539127925,0.6912532452944653,-2.3825050808681025
2025-12-19,9.520000457763672,90.25579833984375,60.470001220703125,,-1.956741293891484,0.003102376479557911,-1.0634779491832669
2025-12-22,9.680000305175781,89.56999969482422,62.06999969482422,,1.68067058527952,-1.1117653990541987,2.493392152066831
2025-12-23,9.380000114440918,89.60389709472656,62.380001068115234,,-3.099175426414569,-1.292183511776046,5.872374417339299
2025-12-24,9.1899995803833,89.50789642333984,62.2400016784668,,-2.025592022809286,-1.584408298264539,4.289546515081022
2025-12-26,9.149999618530273,90.10590362548828,60.63999938964844,,-0.4352553175128504,-0.34042703285813714,1.370778500514036
2025-12-29,9.720000267028809,89.82929992675781,61.939998626708984,,6.22951554384974,-0.47254405914179953,2.4309531607923596
2025-12-30,9.680000305175781,89.9000015258789,61.91999816894531,,-0.4115222299809096,0.3684289741867186,-0.24166509846368367
2025-12-31,9.479999542236328,89.76940155029297,60.849998474121094,,-2.066123518947771,0.1847067604564545,-2.4527133180447858
2026-01-02,9.449999809265137,89.96189880371094,60.75,,-0.3164528947236067,0.5072204783182821,-2.3939615011004944
2026-01-05,10.020000457763672,90.00700378417969,61.7599983215332,,6.031753015906793,-0.10975955773070423,1.8469639563946982
2026-01-06,10.020000457763672,90.23300170898438,60.70000076293945,,0.0,0.4494099169822352,-2.0019339542491243
2026-01-07,9.949999809265137,90.16609954833984,59.959999084472656,,-0.6986092345364847,0.29599334587813164,-3.1653732920419397
2026-01-08,10.600000381469727,89.8644027709961,61.9900016784668,,6.53266919260973,0.10582806508951936,1.8734646391660004
2026-01-09,10.930000305175781,89.90540313720703,63.34000015258789,,3.113206715378425,-0.0627995487591626,4.263374736770187
2026-01-12,11.369999885559082,90.23600006103516,63.869998931884766,,4.0256136148042465,0.25442050865791543,3.4164518583153614
2026-01-13,11.199999809265137,90.13269805908203,65.47000122070312,,-1.4951633949430443,-0.11116071504064795,7.85832025998261
2026-01-14,11.319999694824219,90.27300262451172,66.5199966430664,,1.071427567880967,0.11856238287712983,10.940623180050268
2026-01-15,,90.18319702148438,63.7599983215332,,0.0,0.3547503134257335,2.855293749219623
2026-01-16,11.369999885559082,90.36160278320312,64.12999725341797,,0.44169780991889507,0.5074218345919368,1.247232552773836
2026-01-19,11.829999923706055,90.7020034790039,,,4.045734764968767,0.5164273877981573,0.40707425376738104
2026-01-20,12.729999542236328,90.90450286865234,64.91999816894531,,7.607773663013906,0.8562983536389845,-0.840084071334779
2026-01-21,13.779999732971191,91.11840057373047,65.23999786376953,,8.248234316514402,0.9364903400135738,-1.9242315753037476
2026-01-22,13.350000381469727,91.53690338134766,64.05999755859375,,-3.1204597956022595,1.5010627307222135,0.47051324491522717
2026-01-23,14.1899995803833,91.55829620361328,65.87999725341797,,6.29212865101878,1.3243384175923412,2.7288321767497514
2026-01-26,,91.5009994506836,65.58999633789062,,0.0,0.8809022304172576,2.2766242741337983
2026-01-27,14.449999809265137,91.71309661865234,67.56999969482422,,1.8322779180435456,0.8894980165815802,4.081949477236035
2026-01-28,13.529999732971191,91.5343017578125,68.4000015258789,,-6.366782618945466,0.45644039125281033,4.8436599717675
2026-01-29,13.369999885559082,92.04080200195312,70.70999908447266,,-1.1825561756827474,0.5504868550186837,10.380895690475711
2026-01-30,13.630000114440918,91.78189849853516,70.69000244140625,,1.9446539349836645,0.24421849705964505,7.301161791925748
2026-02-02,13.869999885559082,91.68699645996094,66.30000305175781,,1.7608200227664295,0.20327319963056034,1.082492382236988
2026-02-03,12.899999618530273,90.24559783935547,67.33000183105469,,-6.993513158127252,-1.600097296244185,-0.3551840533572048
2026-02-04,12.25,90.42289733886719,69.45999908447266,,-5.038756881795392,-1.214194457817508,1.5497039984607275
2026-02-05,12.170000076293945,90.125,67.55000305175781,,-0.6530606016820761,-2.0814703482401997,-4.468952161829054
2026-02-06,11.9399995803833,90.3147964477539,68.05000305175781,,-1.8898972429644,-1.5984655741291598,-3.734614936301195
2026-02-09,12.1899995803833,90.58799743652344,69.04000091552734,,2.093802418642743,-1.1986421912265621,4.132726602788428
2026-02-10,11.670000076293945,90.82279968261719,68.80000305175781,,-4.265787711151048,0.6395900266395138,2.1832781534622203
2026-02-11,11.550000190734863,90.58789825439453,69.4000015258789,,-1.0282766475969929,0.18247691722261816,-0.08637713703506522
2026-02-12,11.729999542236328,90.73570251464844,67.5199966430664,,1.5584359179998675,0.6776172145891213,-0.0444210323253702
2026-02-13,13.289999961853027,90.56410217285156,67.75,,13.299236832871042,0.27604084258980865,-0.4408567792857143
2026-02-16,13.329999923706055,90.57119750976562,,,0.3009778929107698,-0.018545422388416277,-1.8684833407022983
2026-02-17,12.670000076293945,90.78299713134766,67.41999816894531,,-4.951236693095296,-0.04382440467439741,-2.005820961627469
2026-02-18,12.220000267028809,90.6261978149414,70.3499984741211,,-3.551695395070309,0.042278892970148974,1.3688716532490819
2026-02-19,13.460000038146973,90.79350280761719,71.66000366210938,,10.147297414254975,0.0637018189828975,6.131527288024685
2026-02-20,14.359999656677246,91.04109954833984,71.76000213623047,,6.686475601631403,0.5266958585620207,5.91882234129959
2026-02-23,14.170000076293945,90.72660064697266,71.48999786376953,,-1.3231168866703502,0.1715811885895313,5.520292049844322
2026-02-24,14.149999618530273,91.02010345458984,70.7699966430664,,-0.14114649016221392,0.2611792193852436,4.968849844413303
2026-02-25,13.489999771118164,90.91799926757812,70.8499984741211,,-4.664310001449046,0.32198355406301005,0.7107320694312858
2026-02-26,13.0600004196167,90.95099639892578,70.75,,-3.1875415774437976,0.17346350392748455,-1.2698906162497803
2026-02-27,13.699999809265137,91.00740051269531,72.4800033569336,,4.900454587176961,-0.0370151896360138,1.0033461528279553
2026-03-02,17.1299991607666,91.07959747314453,77.73999786376953,,25.036491965363396,0.38907754027446284,8.74248172717802
2026-03-03,,91.56340026855469,81.4000015258789,,0.0,0.5968976010183313,15.020496519769111
2026-03-04,21.139999389648438,92.00859832763672,81.4000015258789,,23.409226067366482,1.199541420669492,14.890618601228823
2026-03-05,17.860000610351562,92.12300109863281,85.41000366210938,,-15.515604891185486,1.2886111709721426,20.720853232663416
2026-03-06,19.8799991607666,91.78690338134766,92.69000244140625,,11.310181866647074,0.8565269024947142,27.883551529305105
2026-03-09,23.360000610351562,91.93620300292969,98.95999908447266,,17.505038211735858,0.9405021031606342,27.2961175762942
2026-03-10,18.90999984741211,91.220703125,87.80000305175781,,-19.049660302523776,-0.37427306385472425,7.862409589567632
2026-03-11,21.059999465942383,92.16510009765625,91.9800033569336,,11.369643764563575,0.1700947225195648,12.997545003351219
2026-03-12,21.520000457763672,92.22879791259766,100.45999908447266,,2.1842402824614915,0.11484299545514443,17.620881368771023
2026-03-13,22.649999618530273,92.38990020751953,103.13999938964844,,5.250925356550984,0.6569530117674915,11.27413601574574
2026-03-16,21.600000381469727,92.5635986328125,100.20999908447266,,-4.635758299092984,0.6824249962365858,1.263136632542805
2026-03-17,19.790000915527344,92.28269958496094,103.41999816894531,,-8.379627009151125,1.164205518681083,17.79042662217172
2026-03-18,18.719999313354492,92.39129638671875,107.37999725341797,,-5.406778942255242,0.24542509998126683,16.74276292067942
2026-03-19,22.799999237060547,93.24659729003906,108.6500015258789,,21.794872186749824,1.103559192440029,8.152501011392221
2026-03-20,22.809999465942383,93.0822982788086,112.19000244140625,,0.04386065445818321,0.7494304785846229,8.774484298344976
2026-03-23,26.729999542236328,93.89530181884766,99.94000244140625,,17.185445717115865,1.4386899447566215,-0.2694308407675039
2026-03-24,24.739999771118164,93.24369812011719,104.48999786376953,,-7.444817827152395,1.0413637003233722,1.0346158516424397
2026-03-25,24.639999389648438,94.29969787597656,102.22000122070312,,-0.40420526432852766,2.0655641428277915,-4.805360555688221
2026-03-26,,94.6937026977539,108.01000213623047,,0.0,1.551912294679969,-0.5890468298760165
2026-03-27,26.799999237060547,94.30950164794922,112.56999969482422,,8.766233364110999,1.3184068204512789,0.3387086595496136
2026-03-29,,94.78179931640625,,,0.0,0.9441340305491597,12.637579492578865
2026-03-30,27.889999389648438,94.35590362548828,112.77999877929688,,4.067164864245876,1.1927942882942633,7.933774605235966
2026-03-31,,93.48429870605469,118.3499984741211,,0.0,-0.8646890587012179,15.779687987472935
2026-04-01,25.010000228881836,92.6426010131836,101.16000366210938,,-10.326279038340648,-2.1660381061632816,-6.342003831720467
2026-04-02,25.520000457763672,92.97360229492188,109.02999877929688,,2.0391852227689355,-1.4165055796966919,-3.144710780069504
2026-04-05,,92.97100067138672,,,0.0,-1.9104919489601802,-3.144710780069504
2026-04-06,25.469999313354492,92.81659698486328,109.7699966430664,,-0.19592924573780257,-1.6313834974594932,-2.668914850868942
2026-04-07,24.700000762939453,92.86019897460938,109.2699966430664,,-3.0231588974221624,-0.6675984524499579,-7.672160496934999
2026-04-08,19.700000762939453,92.2748031616211,94.75,,-20.24291435448915,-0.3970072596624963,-6.33650002971512
2026-04-09,20.43000030517578,92.46980285644531,95.91999816894531,,3.705581289162363,-0.5418736351404996,-12.024214213639839
2026-04-10,18.850000381469727,,95.19999694824219,,-7.733724425377386,-0.539090481249016,-12.684584046497116
2026-04-12,,94.50879669189453,,,0.0,1.8231649963499796,-13.273207743825266
2026-04-13,20.5,94.9468002319336,99.36000061035156,,8.753313449013444,2.2470350918532445,-9.069274583293097
2026-04-14,,93.16539764404297,94.79000091552734,,0.0,0.9651545729791211,0.04221732509481768
2026-04-15,18.670000076293945,93.38680267333984,94.93000030517578,,-8.926828896127093,0.9916748912270679,-1.0321078843494536
2026-04-16,18.09000015258789,93.04789733886719,99.38999938964844,,-3.1065876879267096,0.6251710986335146,4.401263209792172
2026-04-17,17.209999084472656,,90.37999725341797,,-4.864571922014848,-1.5457813496345563,-5.063025051822989
2026-04-19,,92.60330200195312,,,0.0,-2.4682224406255227,-9.03784551305451
2026-04-20,18.790000915527344,,95.4800033569336,,9.180720018051659,-0.6033309107287277,0.727927455155486
2026-04-21,17.532499313354492,93.4800033569336,94.54000091552734,,-6.692397769569558,0.09980070087607373,-0.4108283876484653
