buy_signal_date,sell_signal_date,ticker,pattern,entry_price,target_return_pct,target_price,sell_price,realized_return_pct
2023-11-16,2023-11-23,HEROMOTOCO.NS,A_breakout_40d,3289.7,6.0,3487.082,3568.0,8.46
2023-11-17,2023-11-23,HEROMOTOCO.NS,A_breakout_40d,3357.0,6.0,3558.42,3568.0,6.29
2023-11-20,2023-11-28,BAJAJ-AUTO.NS,A_breakout_40d,5640.5,6.0,5978.93,5998.1499,6.34
2023-11-16,2023-11-28,BPCL.NS,A_breakout_40d,200.0,6.0,212.0,212.25,6.12
2023-11-21,2023-11-29,BAJAJ-AUTO.NS,A_breakout_40d,5680.0,6.0,6020.8,6069.9502,6.87
2023-11-22,2023-11-29,BPCL.NS,A_breakout_40d,201.775,6.0,213.8815,214.325,6.22
2023-11-17,2023-11-29,TVSMOTOR.NS,A_breakout_40d,1754.95,6.0,1860.247,1863.65,6.19
2023-11-23,2023-11-30,HEROMOTOCO.NS,A_breakout_40d,3568.0,6.0,3782.08,3819.05,7.04
2023-11-16,2023-12-01,NTPC.NS,A_breakout_40d,253.0,6.0,268.18,268.95,6.3
2023-11-23,2023-12-01,TVSMOTOR.NS,A_breakout_40d,1783.0,6.0,1889.98,1909.8,7.11
2023-11-13,2023-12-04,BEL.NS,A_breakout_40d,144.5,6.0,153.17,153.55,6.26
2023-11-28,2023-12-04,BPCL.NS,A_breakout_40d,213.0,6.0,225.78,230.75,8.33
2023-11-29,2023-12-04,BPCL.NS,A_breakout_40d,217.25,6.0,230.285,230.75,6.21
2023-11-13,2023-12-04,EICHERMOT.NS,A_breakout_40d,3689.0,6.0,3910.34,4180.3501,13.32
2023-11-15,2023-12-04,EICHERMOT.NS,A_breakout_40d,3848.05,6.0,4078.933,4180.3501,8.64
2023-11-30,2023-12-04,EICHERMOT.NS,A_breakout_40d,3922.0,6.0,4157.32,4180.3501,6.59
2023-11-28,2023-12-04,IOC.NS,A_breakout_40d,108.7,6.0,115.222,115.9,6.62
2023-11-30,2023-12-04,MAXHEALTH.NS,A_breakout_40d,628.75,6.0,666.475,691.4,9.96
2023-12-04,2023-12-05,ADANIENT.NS,A_breakout_40d,2531.2,6.0,2683.072,2959.3501,16.91
2023-11-28,2023-12-05,ADANIGREEN.NS,A_breakout_40d,1089.65,6.0,1155.029,1348.5,23.76
2023-12-04,2023-12-05,ADANIGREEN.NS,A_breakout_40d,1126.0,6.0,1193.56,1348.5,19.76
2023-11-28,2023-12-05,ADANIPORTS.NS,A_breakout_40d,850.0,6.0,901.0,1013.1,19.19
2023-12-04,2023-12-05,ADANIPORTS.NS,A_breakout_40d,884.0,6.0,937.04,1013.1,14.6
2023-11-28,2023-12-05,ADANIPOWER.NS,A_breakout_40d,91.34,6.0,96.8204,107.63,17.83
2023-12-04,2023-12-05,AMBUJACEM.NS,A_breakout_40d,475.0,6.0,503.5,509.05,7.17
2023-11-30,2023-12-05,BPCL.NS,A_breakout_40d,220.0,6.0,233.2,236.1,7.32
2023-11-30,2023-12-05,NTPC.NS,A_breakout_40d,262.35,6.0,278.091,285.45,8.81
2023-12-05,2023-12-06,ADANIGREEN.NS,A_breakout_40d,1474.5,6.0,1562.97,1563.45,6.03
2023-11-30,2023-12-06,LT.NS,A_breakout_40d,3129.95,6.0,3317.747,3392.3,8.38
2023-11-28,2023-12-06,TATAPOWER.NS,A_breakout_40d,275.0,6.0,291.5,294.15,6.96
2023-11-29,2023-12-06,TATAPOWER.NS,A_breakout_40d,273.0,6.0,289.38,294.15,7.75
2023-12-04,2023-12-07,POWERGRID.NS,A_breakout_40d,213.7,6.0,226.522,230.0,7.63
2023-12-01,2023-12-07,TATAPOWER.NS,A_breakout_40d,285.0,6.0,302.1,325.8,14.32
2023-12-04,2023-12-07,TATAPOWER.NS,A_breakout_40d,283.0,6.0,299.98,325.8,15.12
2023-12-06,2023-12-07,TATAPOWER.NS,A_breakout_40d,295.0,6.0,312.7,325.8,10.44
2023-12-01,2023-12-11,BEL.NS,A_breakout_40d,152.0,6.0,161.12,161.25,6.09
2023-11-30,2023-12-11,ULTRACEMCO.NS,A_breakout_40d,9103.7998,6.0,9650.0278,9670.9004,6.23
2023-11-30,2023-12-12,JSWSTEEL.NS,A_breakout_40d,805.0,6.0,853.3,853.85,6.07
2023-12-01,2023-12-12,MAXHEALTH.NS,A_breakout_40d,658.5,6.0,698.01,699.5,6.23
2023-11-23,2023-12-13,BAJAJ-AUTO.NS,A_breakout_40d,5940.0,6.0,6296.4,6316.1001,6.33
2023-12-01,2023-12-13,NTPC.NS,A_breakout_40d,276.0,6.0,292.56,294.05,6.54
2023-12-04,2023-12-13,NTPC.NS,A_breakout_40d,275.2,6.0,291.712,294.05,6.85
2023-11-30,2023-12-13,TRENT.NS,A_breakout_40d,2787.0,6.0,2954.22,2963.45,6.33
2023-11-30,2023-12-13,TVSMOTOR.NS,A_breakout_40d,1883.0,6.0,1995.98,2022.3,7.4
2023-12-04,2023-12-14,BEL.NS,A_breakout_40d,153.7,6.0,162.922,164.0,6.7
2023-11-16,2023-12-14,HCLTECH.NS,A_breakout_40d,1313.4,6.0,1392.204,1414.6,7.71
2023-11-15,2023-12-14,HINDALCO.NS,A_breakout_40d,504.0,6.0,534.24,543.1,7.76
2023-12-04,2023-12-14,ULTRACEMCO.NS,A_breakout_40d,9321.0,6.0,9880.26,9963.2998,6.89
2023-12-05,2023-12-14,ULTRACEMCO.NS,A_breakout_40d,9329.75,6.0,9889.535,9963.2998,6.79
2023-11-29,2023-12-15,GRASIM.NS,A_breakout_40d,1998.0553,6.0,2117.9386,2119.2734,6.07
2023-11-30,2023-12-15,HCLTECH.NS,A_breakout_40d,1346.0,6.0,1426.76,1491.3,10.79
2023-12-08,2023-12-15,HCLTECH.NS,A_breakout_40d,1370.1,6.0,1452.306,1491.3,8.85
2023-12-01,2023-12-15,LT.NS,A_breakout_40d,3285.0,6.0,3482.1,3488.0,6.18
2023-12-04,2023-12-15,SBIN.NS,A_breakout_40d,595.05,6.0,630.753,648.25,8.94
2023-12-06,2023-12-18,ADANIPORTS.NS,A_breakout_40d,1029.0,6.0,1090.74,1094.3,6.35
2023-12-06,2023-12-18,BEL.NS,A_breakout_40d,161.8,6.0,171.508,172.7,6.74
2023-12-07,2023-12-18,BEL.NS,A_breakout_40d,161.35,6.0,171.031,172.7,7.03
2023-12-12,2023-12-18,HINDALCO.NS,A_breakout_40d,528.95,6.0,560.687,566.4,7.08
2023-12-05,2023-12-19,NTPC.NS,A_breakout_40d,288.0,6.0,305.28,309.65,7.52
2023-12-05,2023-12-19,SBIN.NS,A_breakout_40d,614.0,6.0,650.84,655.4,6.74
2023-12-14,2023-12-22,WIPRO.NS,A_breakout_40d,218.025,6.0,231.1065,231.325,6.1
2023-11-29,2023-12-26,HEROMOTOCO.NS,A_breakout_40d,3800.0,6.0,4028.0,4067.45,7.04
2023-11-30,2023-12-26,TATACONSUM.NS,A_breakout_40d,945.9,6.0,1002.654,1007.35,6.5
2023-12-12,2023-12-27,BAJAJ-AUTO.NS,A_breakout_40d,6259.8999,6.0,6635.4939,6709.6499,7.18
2023-12-04,2023-12-27,LT.NS,A_breakout_40d,3319.05,6.0,3518.193,3544.0,6.78
2023-12-11,2023-12-27,ULTRACEMCO.NS,A_breakout_40d,9702.4502,6.0,10284.5972,10436.0996,7.56
2023-12-15,2023-12-28,BEL.NS,A_breakout_40d,171.75,6.0,182.055,182.7,6.38
2023-11-13,2023-12-28,COALINDIA.NS,A_breakout_40d,359.0,6.0,380.54,380.95,6.11
2023-11-15,2023-12-28,COALINDIA.NS,A_breakout_40d,353.0,6.0,374.18,380.95,7.92
2023-12-04,2023-12-28,COALINDIA.NS,A_breakout_40d,355.7,6.0,377.042,380.95,7.1
2023-11-30,2023-12-28,HEROMOTOCO.NS,A_breakout_40d,3860.0,6.0,4091.6,4173.25,8.12
2023-12-04,2023-12-28,NESTLEIND.NS,A_breakout_40d,1222.55,6.0,1295.903,1312.495,7.36
2023-12-06,2023-12-28,POWERGRID.NS,A_breakout_40d,225.0,6.0,238.5,239.1,6.27
2023-12-19,2023-12-28,TATACONSUM.NS,A_breakout_40d,975.0,6.0,1033.5,1041.0,6.77
2023-12-20,2023-12-28,TATACONSUM.NS,A_breakout_40d,976.0,6.0,1034.56,1041.0,6.66
2023-11-30,2023-12-28,TITAN.NS,A_breakout_40d,3499.0,6.0,3708.94,3715.1001,6.18
2023-12-18,2023-12-29,BEL.NS,A_breakout_40d,172.9,6.0,183.274,184.2,6.54
2023-12-04,2023-12-29,TATASTEEL.NS,A_breakout_40d,131.0,6.0,138.86,139.6,6.56
2023-12-12,2023-12-29,ULTRACEMCO.NS,A_breakout_40d,9899.9502,6.0,10493.9472,10503.0498,6.09
2023-12-21,2024-01-01,GODREJCP.NS,A_breakout_40d,1076.15,6.0,1140.719,1144.8,6.38
2023-12-19,2024-01-01,NESTLEIND.NS,A_breakout_40d,1284.7,6.0,1361.782,1368.62,6.53
2023-12-15,2024-01-01,WIPRO.NS,A_breakout_40d,223.0,6.0,236.38,238.575,6.98
2023-12-19,2024-01-02,COALINDIA.NS,A_breakout_40d,369.0,6.0,391.14,392.65,6.41
2023-11-30,2024-01-02,DIVISLAB.NS,A_breakout_40d,3799.0,6.0,4026.94,4030.0,6.08
2023-12-06,2024-01-03,ADANIGREEN.NS,A_breakout_40d,1580.0,6.0,1674.8,1697.25,7.42
2023-12-18,2024-01-03,BAJAJ-AUTO.NS,A_breakout_40d,6470.0,6.0,6858.2,6986.5,7.98
2023-12-05,2024-01-04,ADANIPORTS.NS,A_breakout_40d,1045.0,6.0,1107.7,1123.2,7.48
2023-12-07,2024-01-04,ADANIPORTS.NS,A_breakout_40d,1048.0,6.0,1110.88,1123.2,7.18
2023-12-05,2024-01-04,AMBUJACEM.NS,A_breakout_40d,515.0,6.0,545.9,549.45,6.69
2023-12-14,2024-01-04,DLF.NS,A_breakout_40d,700.0,6.0,742.0,761.4,8.77
2023-12-28,2024-01-04,GODREJCP.NS,A_breakout_40d,1113.45,6.0,1180.257,1202.0,7.95
2023-12-14,2024-01-04,INDUSTOWER.NS,A_breakout_40d,202.55,6.0,214.703,216.45,6.86
2024-01-01,2024-01-04,INDUSTOWER.NS,A_breakout_40d,201.8,6.0,213.908,216.45,7.26
2023-12-13,2024-01-04,NTPC.NS,A_breakout_40d,297.75,6.0,315.615,317.1,6.5
2023-12-14,2024-01-04,NTPC.NS,A_breakout_40d,298.0,6.0,315.88,317.1,6.41
2023-11-16,2024-01-04,ONGC.NS,A_breakout_40d,200.85,6.0,212.901,214.65,6.87
2023-12-04,2024-01-04,ONGC.NS,A_breakout_40d,202.2,6.0,214.332,214.65,6.16
2023-12-05,2024-01-04,POWERGRID.NS,A_breakout_40d,226.0,6.0,239.56,241.45,6.84
2023-11-30,2024-01-04,SUNPHARMA.NS,A_breakout_40d,1233.05,6.0,1307.033,1312.95,6.48
2023-11-15,2024-01-05,ONGC.NS,A_breakout_40d,202.5,6.0,214.65,216.45,6.89
2023-12-20,2024-01-05,ONGC.NS,A_breakout_40d,203.95,6.0,216.187,216.45,6.13
2023-12-07,2024-01-10,INDIGO.NS,A_breakout_40d,2900.0,6.0,3074.0,3082.1499,6.28
2023-11-17,2024-01-11,APOLLOHOSP.NS,A_breakout_40d,5475.0,6.0,5803.5,5869.8999,7.21
2023-12-27,2024-01-11,BAJAJ-AUTO.NS,A_breakout_40d,6709.6499,6.0,7112.2289,7298.8501,8.78
2023-12-04,2024-01-11,SHRIRAMFIN.NS,A_breakout_40d,418.89,6.0,444.0234,455.95,8.85
2023-12-14,2024-01-11,SHRIRAMFIN.NS,A_breakout_40d,423.4,6.0,448.804,455.95,7.69
2023-12-07,2024-01-11,TATAPOWER.NS,A_breakout_40d,331.95,6.0,351.867,357.3,7.64
2023-11-30,2024-01-12,BHARTIARTL.NS,A_breakout_40d,1015.0,6.0,1075.9,1076.35,6.04
2023-12-14,2024-01-12,HCLTECH.NS,A_breakout_40d,1422.0,6.0,1507.32,1540.8,8.35
2023-12-15,2024-01-15,HCLTECH.NS,A_breakout_40d,1489.85,6.0,1579.241,1588.2,6.6
2023-12-14,2024-01-15,INFY.NS,A_breakout_40d,1523.05,6.0,1614.433,1652.1,8.47
2023-12-28,2024-01-15,IOC.NS,A_breakout_40d,129.7,6.0,137.482,137.65,6.13
2024-01-04,2024-01-15,ONGC.NS,A_breakout_40d,215.45,6.0,228.377,233.5,8.38
2023-12-22,2024-01-15,WIPRO.NS,A_breakout_40d,227.0,6.0,240.62,247.3,8.94
2023-12-04,2024-01-18,APOLLOHOSP.NS,A_breakout_40d,5610.0,6.0,5946.6,5990.8501,6.79
2023-12-14,2024-01-18,TECHM.NS,A_breakout_40d,1270.0,6.0,1346.2,1355.15,6.7
2023-12-29,2024-01-19,TATACONSUM.NS,A_breakout_40d,1093.85,6.0,1159.481,1161.7,6.2
2023-12-15,2024-01-19,TECHM.NS,A_breakout_40d,1305.0,6.0,1383.3,1389.9,6.51
2023-12-28,2024-01-23,HEROMOTOCO.NS,A_breakout_40d,4176.0,6.0,4426.56,4444.2002,6.42
2023-12-04,2024-01-23,MAXHEALTH.NS,A_breakout_40d,704.65,6.0,746.929,776.05,10.13
2024-01-02,2024-01-23,SUNPHARMA.NS,A_breakout_40d,1296.2,6.0,1373.972,1378.3,6.33
2023-12-15,2024-01-24,INFY.NS,A_breakout_40d,1567.95,6.0,1662.027,1675.4,6.85
2024-01-03,2024-01-25,BAJAJ-AUTO.NS,A_breakout_40d,7025.0,6.0,7446.5,7597.5,8.15
2024-01-09,2024-01-25,BAJAJ-AUTO.NS,A_breakout_40d,7125.0,6.0,7552.5,7597.5,6.63
2024-01-05,2024-01-25,TATAPOWER.NS,A_breakout_40d,344.0,6.0,364.64,365.1,6.13
2024-01-03,2024-01-29,AMBUJACEM.NS,A_breakout_40d,538.35,6.0,570.651,574.1,6.64
2023-12-28,2024-01-29,COALINDIA.NS,A_breakout_40d,381.5,6.0,404.39,412.8,8.2
2024-01-11,2024-01-29,HEROMOTOCO.NS,A_breakout_40d,4242.6499,6.0,4497.2089,4593.5,8.27
2023-12-15,2024-01-29,NTPC.NS,A_breakout_40d,306.0,6.0,324.36,324.55,6.06
2024-01-12,2024-01-29,ONGC.NS,A_breakout_40d,228.5,6.0,242.21,252.5,10.5
2024-01-15,2024-01-29,ONGC.NS,A_breakout_40d,234.95,6.0,249.047,252.5,7.47
2023-12-15,2024-01-29,POWERGRID.NS,A_breakout_40d,236.9,6.0,251.114,253.95,7.2
2023-12-28,2024-01-29,POWERGRID.NS,A_breakout_40d,237.8,6.0,252.068,253.95,6.79
2024-01-11,2024-01-29,RELIANCE.NS,A_breakout_40d,1359.9,6.0,1441.494,1448.05,6.48
2023-12-08,2024-01-29,TITAN.NS,A_breakout_40d,3634.55,6.0,3852.623,3866.6499,6.39
2023-12-04,2024-01-30,BPCL.NS,A_breakout_40d,235.025,6.0,249.1265,252.1,7.27
2024-01-11,2024-01-30,SHRIRAMFIN.NS,A_breakout_40d,458.56,6.0,486.0736,490.59,6.98
2024-01-18,2024-01-31,APOLLOHOSP.NS,A_breakout_40d,5987.0,6.0,6346.22,6352.9502,6.11
2023-11-30,2024-01-31,GRASIM.NS,A_breakout_40d,2011.9501,6.0,2132.6671,2175.0,8.1
2023-12-04,2024-01-31,GRASIM.NS,A_breakout_40d,2049.7498,6.0,2172.7348,2175.0,6.11
2024-01-11,2024-01-31,TATAPOWER.NS,A_breakout_40d,361.65,6.0,383.349,389.75,7.77
2024-01-24,2024-02-01,POWERGRID.NS,A_breakout_40d,244.75,6.0,259.435,265.8,8.6
2023-12-05,2024-02-02,BPCL.NS,A_breakout_40d,240.5,6.0,254.93,279.175,16.08
2024-01-29,2024-02-02,BPCL.NS,A_breakout_40d,248.425,6.0,263.3305,279.175,12.38
2024-01-30,2024-02-02,BPCL.NS,A_breakout_40d,252.975,6.0,268.1535,279.175,10.36
2024-01-02,2024-02-02,COALINDIA.NS,A_breakout_40d,394.8,6.0,418.488,419.8,6.33
2024-01-23,2024-02-02,HEROMOTOCO.NS,A_breakout_40d,4429.0,6.0,4694.74,4717.2998,6.51
2024-01-16,2024-02-02,IOC.NS,A_breakout_40d,143.0,6.0,151.58,162.9,13.92
2024-01-17,2024-02-02,IOC.NS,A_breakout_40d,143.8,6.0,152.428,162.9,13.28
2024-01-29,2024-02-02,POWERGRID.NS,A_breakout_40d,254.0,6.0,269.24,277.1,9.09
2024-01-31,2024-02-02,POWERGRID.NS,A_breakout_40d,259.0,6.0,274.54,277.1,6.99
2024-01-10,2024-02-05,CIPLA.NS,A_breakout_40d,1339.85,6.0,1420.241,1433.9,7.02
2023-12-28,2024-02-05,NTPC.NS,A_breakout_40d,314.35,6.0,333.211,336.1,6.92
2024-02-01,2024-02-05,POWERGRID.NS,A_breakout_40d,264.5,6.0,280.37,282.9,6.96
2024-01-23,2024-02-05,SUNPHARMA.NS,A_breakout_40d,1380.0,6.0,1462.8,1463.8,6.07
2024-02-02,2024-02-06,BPCL.NS,A_breakout_40d,283.0,6.0,299.98,304.65,7.65
2024-01-29,2024-02-06,COALINDIA.NS,A_breakout_40d,415.75,6.0,440.695,448.65,7.91
2024-02-02,2024-02-06,COALINDIA.NS,A_breakout_40d,423.25,6.0,448.645,448.65,6.0
2023-11-30,2024-02-06,DRREDDY.NS,A_breakout_40d,1160.0,6.0,1229.6,1233.3199,6.32
2024-02-02,2024-02-06,IOC.NS,A_breakout_40d,167.95,6.0,178.027,184.5,9.85
2024-01-23,2024-02-06,MAXHEALTH.NS,A_breakout_40d,767.05,6.0,813.073,821.4,7.09
2024-01-29,2024-02-06,ONGC.NS,A_breakout_40d,256.5,6.0,271.89,272.3,6.16
2023-12-15,2024-02-06,TCS.NS,A_breakout_40d,3858.1001,6.0,4089.5861,4136.0,7.2
2023-12-26,2024-02-06,WIPRO.NS,A_breakout_40d,234.25,6.0,248.305,249.825,6.65
2024-01-03,2024-02-07,ADANIENT.NS,A_breakout_40d,3039.3999,6.0,3221.7639,3229.8501,6.27
2023-12-07,2024-02-07,ADANIGREEN.NS,A_breakout_40d,1645.0,6.0,1743.7,1866.0,13.43
2024-01-03,2024-02-07,ADANIGREEN.NS,A_breakout_40d,1706.55,6.0,1808.943,1866.0,9.34
2024-01-04,2024-02-07,DLF.NS,A_breakout_40d,760.0,6.0,805.6,827.45,8.88
2024-01-31,2024-02-07,MAXHEALTH.NS,A_breakout_40d,780.0,6.0,826.8,832.35,6.71
2024-01-29,2024-02-07,SUNPHARMA.NS,A_breakout_40d,1401.9,6.0,1486.014,1496.2,6.73
2024-01-10,2024-02-07,TRENT.NS,A_breakout_40d,3190.0,6.0,3381.4,3607.5,13.09
2024-02-05,2024-02-08,BPCL.NS,A_breakout_40d,289.975,6.0,307.3735,310.25,6.99
2024-02-05,2024-02-08,IOC.NS,A_breakout_40d,176.55,6.0,187.143,192.4,8.98
2023-12-15,2024-02-08,SBIN.NS,A_breakout_40d,646.65,6.0,685.449,699.55,8.18
2024-02-07,2024-02-09,SBIN.NS,A_breakout_40d,680.4,6.0,721.224,725.25,6.59
2024-01-31,2024-02-09,SUNPHARMA.NS,A_breakout_40d,1427.0,6.0,1512.62,1534.8,7.55
2024-01-23,2024-02-12,APOLLOHOSP.NS,A_breakout_40d,6153.5498,6.0,6522.7628,6614.4502,7.49
2024-01-11,2024-02-12,BAJAJ-AUTO.NS,A_breakout_40d,7360.0,6.0,7801.6,7829.9502,6.39
2023-12-28,2024-02-12,DRREDDY.NS,A_breakout_40d,1166.02,6.0,1235.9812,1266.7,8.63
2024-01-29,2024-02-13,APOLLOHOSP.NS,A_breakout_40d,6331.0,6.0,6710.86,6718.8999,6.13
2024-02-05,2024-02-13,SUNPHARMA.NS,A_breakout_40d,1450.0,6.0,1537.0,1542.2,6.36
2024-01-25,2024-02-14,BAJAJ-AUTO.NS,A_breakout_40d,7594.0,6.0,8049.64,8083.2998,6.44
2024-01-09,2024-02-14,DLF.NS,A_breakout_40d,790.45,6.0,837.877,843.8,6.75
2024-02-05,2024-02-15,COALINDIA.NS,A_breakout_40d,444.8,6.0,471.488,476.85,7.21
2023-11-30,2024-02-15,M&M.NS,A_breakout_40d,1656.0,6.0,1755.36,1765.05,6.59
2024-02-08,2024-02-15,SBIN.NS,A_breakout_40d,703.65,6.0,745.869,761.7,8.25
2024-01-09,2024-02-16,ADANIPORTS.NS,A_breakout_40d,1220.0,6.0,1293.2,1306.85,7.12
2024-02-06,2024-02-16,BPCL.NS,A_breakout_40d,308.4,6.0,326.904,327.3,6.13
2024-02-08,2024-02-16,ETERNAL.NS,A_breakout_40d,146.9,6.0,155.714,156.7,6.67
2023-11-17,2024-02-16,SBILIFE.NS,A_breakout_40d,1413.95,6.0,1498.787,1508.45,6.68
2024-02-07,2024-02-16,TRENT.NS,A_breakout_40d,3735.3501,6.0,3959.4711,4024.6001,7.74
2024-01-15,2024-02-16,WIPRO.NS,A_breakout_40d,247.5,6.0,262.35,271.5,9.7
2024-02-12,2024-02-16,WIPRO.NS,A_breakout_40d,251.55,6.0,266.643,271.5,7.93
2024-02-08,2024-02-19,TRENT.NS,A_breakout_40d,3800.0,6.0,4028.0,4047.1499,6.5
2024-02-09,2024-02-20,ETERNAL.NS,A_breakout_40d,151.0,6.0,160.06,161.05,6.66
2023-12-01,2024-02-20,GRASIM.NS,A_breakout_40d,2066.782,6.0,2190.7889,2192.25,6.07
2024-01-04,2024-02-20,NTPC.NS,A_breakout_40d,322.9,6.0,342.274,345.7,7.06
2023-11-21,2024-02-20,SBILIFE.NS,A_breakout_40d,1425.0,6.0,1510.5,1513.55,6.21
2024-02-07,2024-02-21,DLF.NS,A_breakout_40d,828.8,6.0,878.528,886.85,7.0
2024-02-09,2024-02-21,SBIN.NS,A_breakout_40d,726.0,6.0,769.56,771.5,6.27
2024-01-05,2024-02-22,GODREJCP.NS,A_breakout_40d,1184.2,6.0,1255.252,1256.35,6.09
2024-01-15,2024-02-22,HCLTECH.NS,A_breakout_40d,1587.0,6.0,1682.22,1686.4,6.26
2023-12-04,2024-02-22,ICICIBANK.NS,A_breakout_40d,1002.5,6.0,1062.65,1062.7,6.0
2024-02-15,2024-02-22,M&M.NS,A_breakout_40d,1788.0,6.0,1895.28,1910.35,6.84
2024-01-09,2024-02-22,SIEMENS.NS,A_breakout_40d,2460.0854,6.0,2607.6905,2672.3152,8.63
2024-02-13,2024-02-22,SIEMENS.NS,A_breakout_40d,2512.0349,6.0,2662.757,2672.3152,6.38
2023-12-15,2024-02-22,TATASTEEL.NS,A_breakout_40d,136.85,6.0,145.061,145.9,6.61
2023-12-05,2024-02-23,ADANIENT.NS,A_breakout_40d,3080.0,6.0,3264.8,3273.3,6.28
2023-12-26,2024-02-23,BEL.NS,A_breakout_40d,184.0,6.0,195.04,205.3,11.58
2024-02-12,2024-02-23,ETERNAL.NS,A_breakout_40d,154.35,6.0,163.611,164.05,6.28
2024-01-05,2024-02-23,INDUSTOWER.NS,A_breakout_40d,222.55,6.0,235.903,241.15,8.36
2023-11-30,2024-02-23,SBILIFE.NS,A_breakout_40d,1438.05,6.0,1524.333,1529.15,6.33
2024-01-25,2024-02-26,AMBUJACEM.NS,A_breakout_40d,570.9,6.0,605.154,608.6,6.6
2023-12-13,2024-02-26,INDIGO.NS,A_breakout_40d,3000.0,6.0,3180.0,3184.05,6.14
2024-01-24,2024-02-26,INDUSTOWER.NS,A_breakout_40d,232.25,6.0,246.185,246.35,6.07
2023-12-04,2024-02-26,SBILIFE.NS,A_breakout_40d,1454.0,6.0,1541.24,1549.15,6.54
2023-12-13,2024-02-26,TVSMOTOR.NS,A_breakout_40d,2026.0,6.0,2147.56,2162.1001,6.72
2024-02-16,2024-02-27,M&M.NS,A_breakout_40d,1836.05,6.0,1946.213,1950.6,6.24
2024-01-29,2024-02-27,SIEMENS.NS,A_breakout_40d,2535.2507,6.0,2687.3657,2691.5688,6.17
2023-12-05,2024-02-29,SBILIFE.NS,A_breakout_40d,1462.0,6.0,1549.72,1552.55,6.19
2024-02-14,2024-02-29,SIEMENS.NS,A_breakout_40d,2582.7979,6.0,2737.7658,2746.7173,6.35
2024-01-29,2024-03-01,AMBUJACEM.NS,A_breakout_40d,574.2,6.0,608.652,617.6,7.56
2024-02-09,2024-03-01,AMBUJACEM.NS,A_breakout_40d,582.1,6.0,617.026,617.6,6.1
2023-12-05,2024-03-01,ICICIBANK.NS,A_breakout_40d,1014.0,6.0,1074.84,1086.9,7.19
2024-02-23,2024-03-01,INDUSTOWER.NS,A_breakout_40d,245.0,6.0,259.7,263.1,7.39
2024-02-26,2024-03-01,INDUSTOWER.NS,A_breakout_40d,247.0,6.0,261.82,263.1,6.52
2024-02-02,2024-03-04,POWERGRID.NS,A_breakout_40d,277.5,6.0,294.15,294.65,6.18
2024-02-05,2024-03-04,TATASTEEL.NS,A_breakout_40d,143.0,6.0,151.58,153.1,7.06
2024-01-12,2024-03-07,TATACONSUM.NS,A_breakout_40d,1190.0,6.0,1261.4,1261.55,6.01
2024-01-29,2024-03-07,TATAPOWER.NS,A_breakout_40d,386.1,6.0,409.266,425.25,10.14
2024-01-23,2024-03-11,CIPLA.NS,A_breakout_40d,1409.0,6.0,1493.54,1504.1,6.75
2024-01-12,2024-03-14,TCS.NS,A_breakout_40d,3960.0,6.0,4197.6,4207.6001,6.25
2024-01-19,2024-03-15,BHARTIARTL.NS,A_breakout_40d,1145.0,6.0,1213.7,1220.0,6.55
2024-01-23,2024-03-15,BHARTIARTL.NS,A_breakout_40d,1140.1,6.0,1208.506,1220.0,7.01
2023-12-04,2024-03-21,GOLDBEES.NS,A_breakout_40d,53.1,6.0,56.286,56.7,6.78
2024-02-16,2024-03-22,BAJAJ-AUTO.NS,A_breakout_40d,8400.0,6.0,8904.0,8945.25,6.49
2024-02-29,2024-03-26,ETERNAL.NS,A_breakout_40d,168.0,6.0,178.08,182.6,8.69
2024-02-05,2024-03-26,INDIGO.NS,A_breakout_40d,3190.05,6.0,3381.453,3492.05,9.47
2024-03-11,2024-03-26,INDIGO.NS,A_breakout_40d,3220.95,6.0,3414.207,3492.05,8.42
2024-03-12,2024-03-26,INDIGO.NS,A_breakout_40d,3242.0,6.0,3436.52,3492.05,7.71
2024-03-01,2024-03-26,INDUSTOWER.NS,A_breakout_40d,265.55,6.0,281.483,283.65,6.82
2024-03-11,2024-03-26,SIEMENS.NS,A_breakout_40d,2785.3125,6.0,2952.4313,2992.905,7.45
2024-02-19,2024-03-27,BAJAJ-AUTO.NS,A_breakout_40d,8505.0,6.0,9015.3,9162.5,7.73
2024-03-06,2024-03-27,BAJAJ-AUTO.NS,A_breakout_40d,8638.0,6.0,9156.28,9162.5,6.07
2024-03-21,2024-03-27,SIEMENS.NS,A_breakout_40d,2896.8718,6.0,3070.6841,3104.4348,7.17
2024-03-06,2024-03-28,PIDILITIND.NS,A_breakout_40d,1417.55,6.0,1502.603,1507.35,6.33
2024-02-21,2024-04-01,DLF.NS,A_breakout_40d,894.0,6.0,947.64,948.25,6.07
2024-03-04,2024-04-01,GOLDBEES.NS,A_breakout_40d,54.7,6.0,57.982,58.32,6.62
2024-03-05,2024-04-01,GOLDBEES.NS,A_breakout_40d,54.9,6.0,58.194,58.32,6.23
2024-03-06,2024-04-01,GOLDBEES.NS,A_breakout_40d,55.0,6.0,58.3,58.32,6.04
2024-03-26,2024-04-01,INDUSTOWER.NS,A_breakout_40d,283.65,6.0,300.669,315.2,11.12
2024-03-07,2024-04-01,PIDILITIND.NS,A_breakout_40d,1437.5,6.0,1523.75,1525.775,6.14
2024-03-04,2024-04-01,TATASTEEL.NS,A_breakout_40d,153.2,6.0,162.392,163.15,6.49
2023-12-05,2024-04-02,ADANIPOWER.NS,A_breakout_40d,109.0,6.0,115.54,117.69,7.97
2024-02-16,2024-04-02,AMBUJACEM.NS,A_breakout_40d,588.8,6.0,624.128,634.7,7.8
2024-02-23,2024-04-02,BEL.NS,A_breakout_40d,205.65,6.0,217.989,221.0,7.46
2024-03-01,2024-04-02,TATASTEEL.NS,A_breakout_40d,154.9,6.0,164.194,164.65,6.29
2023-12-06,2024-04-03,ADANIPOWER.NS,A_breakout_40d,113.59,6.0,120.4054,123.57,8.79
2024-03-05,2024-04-03,ADANIPOWER.NS,A_breakout_40d,115.0,6.0,121.9,123.57,7.45
2024-01-29,2024-04-03,SHRIRAMFIN.NS,A_breakout_40d,481.8,6.0,510.708,511.29,6.12
2024-03-27,2024-04-03,SIEMENS.NS,A_breakout_40d,3104.4348,6.0,3290.7009,3313.7881,6.74
2024-04-02,2024-04-04,ADANIPOWER.NS,A_breakout_40d,118.0,6.0,125.08,128.4,8.81
2023-11-17,2024-04-04,SILVERBEES.NS,A_breakout_40d,72.26,6.0,76.5956,78.03,7.99
2024-04-01,2024-04-04,VEDL.NS,A_breakout_40d,286.95,6.0,304.167,309.95,8.02
2024-03-11,2024-04-08,GOLDBEES.NS,A_breakout_40d,56.2,6.0,59.572,60.21,7.14
2024-03-20,2024-04-08,MARUTI.NS,A_breakout_40d,11999.0,6.0,12718.94,12865.0996,7.22
2024-02-02,2024-04-08,NTPC.NS,A_breakout_40d,338.0,6.0,358.28,363.5,7.54
2023-11-28,2024-04-08,SILVERBEES.NS,A_breakout_40d,73.74,6.0,78.1644,80.53,9.21
2024-04-02,2024-04-08,VEDL.NS,A_breakout_40d,301.2,6.0,319.272,323.3,7.34
2024-04-04,2024-04-09,VEDL.NS,A_breakout_40d,311.05,6.0,329.713,338.0,8.66
2024-03-28,2024-04-10,EICHERMOT.NS,A_breakout_40d,4060.8,6.0,4304.448,4315.1001,6.26
2024-04-05,2024-04-10,VEDL.NS,A_breakout_40d,323.9,6.0,343.334,361.8,11.7
2024-04-09,2024-04-12,VEDL.NS,A_breakout_40d,347.0,6.0,367.82,372.95,7.48
2024-04-01,2024-04-15,INDUSTOWER.NS,A_breakout_40d,314.5,6.0,333.37,334.55,6.38
2024-01-24,2024-04-18,BHARTIARTL.NS,A_breakout_40d,1186.0,6.0,1257.16,1265.75,6.72
2024-03-07,2024-04-18,BHARTIARTL.NS,A_breakout_40d,1186.0,6.0,1257.16,1265.75,6.72
2024-04-01,2024-04-18,GOLDBEES.NS,A_breakout_40d,58.45,6.0,61.957,61.96,6.01
2024-04-10,2024-04-18,VEDL.NS,A_breakout_40d,365.55,6.0,387.483,388.5,6.28
2023-12-04,2024-04-22,EICHERMOT.NS,A_breakout_40d,4181.0,6.0,4431.86,4466.9502,6.84
2024-03-15,2024-04-23,BHARTIARTL.NS,A_breakout_40d,1225.0,6.0,1298.5,1342.35,9.58
2024-04-08,2024-04-23,EICHERMOT.NS,A_breakout_40d,4247.7998,6.0,4502.6678,4520.1499,6.41
2024-02-20,2024-04-23,GRASIM.NS,A_breakout_40d,2200.0,6.0,2332.0,2370.1499,7.73
2024-02-22,2024-04-23,GRASIM.NS,A_breakout_40d,2234.0,6.0,2368.04,2370.1499,6.09
2024-04-02,2024-04-24,BEL.NS,A_breakout_40d,221.7,6.0,235.002,236.5,6.68
2023-12-27,2024-04-25,HINDALCO.NS,A_breakout_40d,608.0,6.0,644.48,646.8,6.38
2024-04-10,2024-04-25,HINDALCO.NS,A_breakout_40d,609.05,6.0,645.593,646.8,6.2
2023-12-08,2024-04-25,JSWSTEEL.NS,A_breakout_40d,841.55,6.0,892.043,905.8,7.63
2023-12-15,2024-04-25,JSWSTEEL.NS,A_breakout_40d,844.0,6.0,894.64,905.8,7.32
2024-04-12,2024-04-26,VEDL.NS,A_breakout_40d,374.0,6.0,396.44,396.55,6.03
2023-11-30,2024-04-29,AXISBANK.NS,A_breakout_40d,1075.4,6.0,1139.924,1159.25,7.8
2023-12-04,2024-04-29,BANKBEES.NS,A_breakout_40d,474.01,6.0,502.4506,502.78,6.07
2024-04-15,2024-04-29,HINDALCO.NS,A_breakout_40d,612.7,6.0,649.462,650.05,6.1
2024-03-07,2024-04-29,TATAPOWER.NS,A_breakout_40d,414.0,6.0,438.84,448.0,8.21
2024-04-18,2024-04-30,TRENT.NS,A_breakout_40d,4087.95,6.0,4333.227,4409.8999,7.88
2024-04-10,2024-05-02,INDIGO.NS,A_breakout_40d,3830.0,6.0,4059.8,4108.25,7.27
2024-02-20,2024-05-02,POWERGRID.NS,A_breakout_40d,287.55,6.0,304.803,313.6,9.06
2024-04-19,2024-05-02,TRENT.NS,A_breakout_40d,4215.2998,6.0,4468.2178,4646.7002,10.23
2024-04-22,2024-05-02,TRENT.NS,A_breakout_40d,4215.0,6.0,4467.9,4646.7002,10.24
2024-03-28,2024-05-03,GRASIM.NS,A_breakout_40d,2300.0,6.0,2438.0,2481.3501,7.88
2024-04-18,2024-05-03,VEDL.NS,A_breakout_40d,388.2,6.0,411.492,415.65,7.07
2024-02-01,2024-05-08,GODREJCP.NS,A_breakout_40d,1257.0,6.0,1332.42,1350.3,7.42
2024-05-06,2024-05-13,SIEMENS.NS,A_breakout_40d,3606.5249,6.0,3822.9164,3885.9954,7.75
2024-04-26,2024-05-15,INDIGO.NS,A_breakout_40d,4001.0,6.0,4241.06,4295.5,7.36
2024-04-30,2024-05-15,M&M.NS,A_breakout_40d,2165.1001,6.0,2295.0061,2302.3,6.34
2024-05-08,2024-05-15,SIEMENS.NS,A_breakout_40d,3709.2498,6.0,3931.8048,4179.0254,12.66
2024-05-13,2024-05-15,SIEMENS.NS,A_breakout_40d,3909.7688,6.0,4144.3549,4179.0254,6.89
2024-05-09,2024-05-16,HEROMOTOCO.NS,A_breakout_40d,4788.6001,6.0,5075.9161,5141.3501,7.37
2024-04-12,2024-05-17,BEL.NS,A_breakout_40d,230.0,6.0,243.8,248.2,7.91
2024-04-03,2024-05-21,ADANIPOWER.NS,A_breakout_40d,126.03,6.0,133.5918,136.01,7.92
2024-04-04,2024-05-21,ADANIPOWER.NS,A_breakout_40d,126.0,6.0,133.56,136.01,7.94
2024-04-01,2024-05-21,JSWSTEEL.NS,A_breakout_40d,871.1,6.0,923.366,923.45,6.01
2024-04-30,2024-05-21,POWERGRID.NS,A_breakout_40d,301.95,6.0,320.067,325.65,7.85
2024-04-08,2024-05-21,SILVERBEES.NS,A_breakout_40d,80.98,6.0,85.8388,91.03,12.41
2024-04-09,2024-05-21,SILVERBEES.NS,A_breakout_40d,81.47,6.0,86.3582,91.03,11.73
2024-03-07,2024-05-21,TATASTEEL.NS,A_breakout_40d,158.9,6.0,168.434,174.35,9.72
2024-04-18,2024-05-23,BHARTIARTL.NS,A_breakout_40d,1280.0,6.0,1356.8,1374.05,7.35
2024-05-16,2024-05-23,M&M.NS,A_breakout_40d,2425.3501,6.0,2570.8711,2609.2,7.58
2024-04-30,2024-05-23,TRENT.NS,A_breakout_40d,4409.8999,6.0,4674.4939,4698.5498,6.55
2024-05-21,2024-05-24,BEL.NS,A_breakout_40d,277.0,6.0,293.62,297.2,7.29
2024-04-19,2024-05-24,BHARTIARTL.NS,A_breakout_40d,1304.0,6.0,1382.24,1388.5,6.48
2023-12-26,2024-05-27,DIVISLAB.NS,A_breakout_40d,3894.0,6.0,4127.64,4255.25,9.28
2024-01-02,2024-05-28,DIVISLAB.NS,A_breakout_40d,4050.0,6.0,4293.0,4392.1001,8.45
2024-05-21,2024-05-31,ADANIPOWER.NS,A_breakout_40d,137.58,6.0,145.8348,151.16,9.87
2024-05-22,2024-05-31,ADANIPOWER.NS,A_breakout_40d,140.0,6.0,148.4,151.16,7.97
2024-05-23,2024-06-03,ADANIENT.NS,A_breakout_40d,3406.0,6.0,3610.36,3645.25,7.02
2024-02-07,2024-06-03,ADANIGREEN.NS,A_breakout_40d,1884.1,6.0,1997.146,2038.0,8.17
2024-04-02,2024-06-03,ADANIPORTS.NS,A_breakout_40d,1399.85,6.0,1483.841,1583.95,13.15
2024-05-23,2024-06-03,ADANIPORTS.NS,A_breakout_40d,1435.0,6.0,1521.1,1583.95,10.38
2024-05-23,2024-06-03,ADANIPOWER.NS,A_breakout_40d,142.7,6.0,151.262,174.9,22.56
2023-12-01,2024-06-03,AXISBANK.NS,A_breakout_40d,1120.5,6.0,1187.73,1223.9,9.23
2023-12-04,2024-06-03,AXISBANK.NS,A_breakout_40d,1136.8,6.0,1205.008,1223.9,7.66
2023-12-05,2024-06-03,AXISBANK.NS,A_breakout_40d,1135.1,6.0,1203.206,1223.9,7.82
2024-04-25,2024-06-03,AXISBANK.NS,A_breakout_40d,1130.0,6.0,1197.8,1223.9,8.31
2023-12-05,2024-06-03,BANKBEES.NS,A_breakout_40d,482.0,6.0,510.92,522.61,8.43
2024-05-17,2024-06-03,BEL.NS,A_breakout_40d,283.0,6.0,299.98,318.65,12.6
2024-05-22,2024-06-03,BEL.NS,A_breakout_40d,286.3,6.0,303.478,318.65,11.3
2024-05-23,2024-06-03,BEL.NS,A_breakout_40d,288.0,6.0,305.28,318.65,10.64
2024-05-03,2024-06-03,COALINDIA.NS,A_breakout_40d,479.0,6.0,507.74,512.35,6.96
2024-04-18,2024-06-03,INDUSTOWER.NS,A_breakout_40d,342.05,6.0,362.573,364.0,6.42
2024-03-04,2024-06-03,NTPC.NS,A_breakout_40d,354.9,6.0,376.194,391.8,10.4
2024-05-02,2024-06-03,POWERGRID.NS,A_breakout_40d,312.0,6.0,330.72,337.65,8.22
2024-04-25,2024-06-03,SBIN.NS,A_breakout_40d,815.9,6.0,864.854,905.65,11.0
2024-04-29,2024-06-03,SBIN.NS,A_breakout_40d,826.5,6.0,876.09,905.65,9.58
2024-05-10,2024-06-04,HEROMOTOCO.NS,A_breakout_40d,4908.0,6.0,5202.48,5310.7002,8.2
2024-03-07,2024-06-05,BAJAJ-AUTO.NS,A_breakout_40d,9023.4502,6.0,9564.8572,9602.25,6.41
2023-12-21,2024-06-05,BRITANNIA.NS,A_breakout_40d,5075.0,6.0,5379.5,5486.6499,8.11
2023-12-22,2024-06-05,BRITANNIA.NS,A_breakout_40d,5155.0,6.0,5464.3,5486.6499,6.43
2024-05-06,2024-06-05,BRITANNIA.NS,A_breakout_40d,5057.9502,6.0,5361.4272,5486.6499,8.48
2024-05-07,2024-06-05,BRITANNIA.NS,A_breakout_40d,5151.0,6.0,5460.06,5486.6499,6.52
2024-05-27,2024-06-05,DIVISLAB.NS,A_breakout_40d,4242.75,6.0,4497.315,4502.7002,6.13
2024-05-07,2024-06-05,GODREJCP.NS,A_breakout_40d,1319.0,6.0,1398.14,1426.8,8.17
2024-05-08,2024-06-05,GODREJCP.NS,A_breakout_40d,1342.0,6.0,1422.52,1426.8,6.32
2024-06-04,2024-06-05,HEROMOTOCO.NS,A_breakout_40d,5315.0,6.0,5633.9,5658.5,6.46
2024-05-17,2024-06-05,M&M.NS,A_breakout_40d,2503.0,6.0,2653.18,2740.95,9.51
2024-02-16,2024-06-05,TVSMOTOR.NS,A_breakout_40d,2153.0,6.0,2282.18,2351.8,9.23
2024-03-27,2024-06-07,BAJAJ-AUTO.NS,A_breakout_40d,9162.5,6.0,9712.25,9725.5498,6.15
2024-05-02,2024-06-07,TRENT.NS,A_breakout_40d,4680.2002,6.0,4961.0122,4964.6001,6.08
2024-03-01,2024-06-07,TVSMOTOR.NS,A_breakout_40d,2263.3999,6.0,2399.2039,2407.6499,6.37
2023-12-14,2024-06-10,ULTRACEMCO.NS,A_breakout_40d,10000.0,6.0,10600.0,10826.25,8.26
2024-04-23,2024-06-12,BHARTIARTL.NS,A_breakout_40d,1352.0,6.0,1433.12,1438.4,6.39
2024-05-16,2024-06-12,BHARTIARTL.NS,A_breakout_40d,1353.6,6.0,1434.816,1438.4,6.26
2024-01-30,2024-06-13,SHRIRAMFIN.NS,A_breakout_40d,490.0,6.0,519.4,536.86,9.56
2024-05-16,2024-06-13,TECHM.NS,A_breakout_40d,1309.1,6.0,1387.646,1388.95,6.1
2024-06-03,2024-06-13,ULTRACEMCO.NS,A_breakout_40d,10475.0,6.0,11103.5,11173.7998,6.67
2024-05-14,2024-06-14,SIEMENS.NS,A_breakout_40d,4120.7363,6.0,4367.9805,4572.8433,10.97
2024-05-15,2024-06-14,SIEMENS.NS,A_breakout_40d,4179.0254,6.0,4429.7669,4572.8433,9.42
2024-06-05,2024-06-14,TRENT.NS,A_breakout_40d,4910.0498,6.0,5204.6528,5245.5498,6.83
2024-02-09,2024-06-20,MAXHEALTH.NS,A_breakout_40d,880.0,6.0,932.8,934.8,6.23
2023-12-28,2024-06-21,JSWSTEEL.NS,A_breakout_40d,882.0,6.0,934.92,936.9,6.22
2024-03-06,2024-06-24,ICICIBANK.NS,A_breakout_40d,1094.95,6.0,1160.647,1170.1,6.86
2024-06-14,2024-06-25,SHRIRAMFIN.NS,A_breakout_40d,549.79,6.0,582.7774,597.97,8.76
2024-01-12,2024-06-25,TECHM.NS,A_breakout_40d,1335.0,6.0,1415.1,1427.75,6.95
2024-01-15,2024-06-25,TECHM.NS,A_breakout_40d,1330.1,6.0,1409.906,1427.75,7.34
2024-05-27,2024-06-26,BANKBEES.NS,A_breakout_40d,507.69,6.0,538.1514,540.41,6.44
2024-04-23,2024-06-26,GRASIM.NS,A_breakout_40d,2378.0,6.0,2520.68,2552.25,7.33
2024-05-02,2024-06-27,GRASIM.NS,A_breakout_40d,2442.0,6.0,2588.52,2637.6001,8.01
2024-06-10,2024-06-27,ULTRACEMCO.NS,A_breakout_40d,10903.9502,6.0,11558.1872,11716.7002,7.45
2024-04-19,2024-06-28,INDUSTOWER.NS,A_breakout_40d,352.0,6.0,373.12,375.3,6.62
2024-01-29,2024-06-28,RELIANCE.NS,A_breakout_40d,1459.95,6.0,1547.547,1565.4,7.22
2024-05-23,2024-07-01,AMBUJACEM.NS,A_breakout_40d,648.0,6.0,686.88,695.0,7.25
2024-06-03,2024-07-01,INDUSTOWER.NS,A_breakout_40d,363.0,6.0,384.78,389.65,7.34
2024-06-13,2024-07-01,MAXHEALTH.NS,A_breakout_40d,896.2,6.0,949.972,955.8,6.65
2024-01-18,2024-07-01,TECHM.NS,A_breakout_40d,1373.9,6.0,1456.334,1472.1,7.15
2024-06-07,2024-07-01,TECHM.NS,A_breakout_40d,1377.6,6.0,1460.256,1472.1,6.86
2024-06-07,2024-07-01,WIPRO.NS,A_breakout_40d,244.2,6.0,258.852,263.675,7.98
2024-06-18,2024-07-01,WIPRO.NS,A_breakout_40d,246.125,6.0,260.8925,263.675,7.13
2024-05-17,2024-07-03,JSWSTEEL.NS,A_breakout_40d,892.0,6.0,945.52,950.4,6.55
2024-06-21,2024-07-03,TECHM.NS,A_breakout_40d,1390.0,6.0,1473.4,1479.8,6.46
2024-01-31,2024-07-04,DRREDDY.NS,A_breakout_40d,1217.89,6.0,1290.9634,1295.87,6.4
2024-04-29,2024-07-04,ICICIBANK.NS,A_breakout_40d,1159.95,6.0,1229.547,1233.0,6.3
2024-05-24,2024-07-05,BEL.NS,A_breakout_40d,301.75,6.0,319.855,324.05,7.39
2024-05-28,2024-07-05,DIVISLAB.NS,A_breakout_40d,4360.0,6.0,4621.6,4629.7002,6.19
2024-02-22,2024-07-05,RELIANCE.NS,A_breakout_40d,1489.5,6.0,1578.87,1588.625,6.65
2024-06-03,2024-07-05,RELIANCE.NS,A_breakout_40d,1498.05,6.0,1587.933,1588.625,6.05
2024-06-13,2024-07-05,SIEMENS.NS,A_breakout_40d,4363.4604,6.0,4625.268,4628.814,6.08
2024-06-14,2024-07-05,TRENT.NS,A_breakout_40d,5299.0,6.0,5616.94,5619.8999,6.06
2023-12-26,2024-07-08,BRITANNIA.NS,A_breakout_40d,5242.0,6.0,5556.52,5568.5498,6.23
2023-12-28,2024-07-09,BRITANNIA.NS,A_breakout_40d,5260.5498,6.0,5576.1828,5668.8501,7.76
2023-12-29,2024-07-09,BRITANNIA.NS,A_breakout_40d,5339.0,6.0,5659.34,5668.8501,6.18
2024-05-22,2024-07-09,BRITANNIA.NS,A_breakout_40d,5261.1499,6.0,5576.8189,5668.8501,7.75
2024-06-04,2024-07-09,BRITANNIA.NS,A_breakout_40d,5325.1001,6.0,5644.6061,5668.8501,6.46
2024-06-27,2024-07-10,GRASIM.NS,A_breakout_40d,2635.95,6.0,2794.107,2802.1499,6.31
2024-06-03,2024-07-12,AXISBANK.NS,A_breakout_40d,1224.0,6.0,1297.44,1317.3,7.62
2024-06-19,2024-07-12,AXISBANK.NS,A_breakout_40d,1230.1,6.0,1303.906,1317.3,7.09
2024-01-19,2024-07-12,TECHM.NS,A_breakout_40d,1396.5,6.0,1480.29,1505.05,7.77
2024-06-27,2024-07-12,WIPRO.NS,A_breakout_40d,256.0,6.0,271.36,280.075,9.4
2024-06-05,2024-07-15,BRITANNIA.NS,A_breakout_40d,5465.0,6.0,5792.9,5809.7002,6.31
2024-02-12,2024-07-15,DRREDDY.NS,A_breakout_40d,1270.0,6.0,1346.2,1358.95,7.0
2024-07-05,2024-07-15,ONGC.NS,A_breakout_40d,290.0,6.0,307.4,322.5,11.21
2024-07-08,2024-07-15,ONGC.NS,A_breakout_40d,300.8,6.0,318.848,322.5,7.21
2024-01-12,2024-07-18,INFY.NS,A_breakout_40d,1644.95,6.0,1743.647,1758.05,6.88
2024-01-15,2024-07-18,INFY.NS,A_breakout_40d,1644.8,6.0,1743.488,1758.05,6.89
2024-07-11,2024-07-18,ONGC.NS,A_breakout_40d,306.8,6.0,325.208,331.7,8.12
2024-07-12,2024-07-18,ONGC.NS,A_breakout_40d,311.8,6.0,330.508,331.7,6.38
2024-07-10,2024-07-18,SBILIFE.NS,A_breakout_40d,1562.0,6.0,1655.72,1659.8,6.26
2024-06-27,2024-07-18,TECHM.NS,A_breakout_40d,1441.0,6.0,1527.46,1539.35,6.83
2024-06-28,2024-07-23,DRREDDY.NS,A_breakout_40d,1286.0,6.0,1363.16,1373.0,6.77
2024-06-05,2024-07-23,GODREJCP.NS,A_breakout_40d,1427.0,6.0,1512.62,1516.7,6.29
2023-12-28,2024-07-23,ITC.NS,A_breakout_40d,446.889,6.0,473.7023,473.9469,6.05
2024-07-03,2024-07-23,TATACONSUM.NS,A_breakout_40d,1147.55,6.0,1216.403,1241.469,8.18
2023-12-06,2024-07-24,ITC.NS,A_breakout_40d,447.5149,6.0,474.3658,475.7283,6.3
2024-02-09,2024-07-25,SUNPHARMA.NS,A_breakout_40d,1539.85,6.0,1632.241,1665.8,8.18
2024-02-13,2024-07-25,SUNPHARMA.NS,A_breakout_40d,1545.8,6.0,1638.548,1665.8,7.76
2024-05-29,2024-07-26,DIVISLAB.NS,A_breakout_40d,4444.0498,6.0,4710.6928,4790.6001,7.8
2024-05-02,2024-07-26,NTPC.NS,A_breakout_40d,372.3,6.0,394.638,396.3,6.45
2024-07-15,2024-07-26,SBILIFE.NS,A_breakout_40d,1613.4,6.0,1710.204,1750.95,8.53
2024-07-16,2024-07-26,SBILIFE.NS,A_breakout_40d,1620.0,6.0,1717.2,1750.95,8.08
2024-07-18,2024-07-26,SBILIFE.NS,A_breakout_40d,1632.0,6.0,1729.92,1750.95,7.29
2024-03-22,2024-07-26,SUNPHARMA.NS,A_breakout_40d,1595.05,6.0,1690.753,1714.25,7.47
2024-07-24,2024-07-26,SUNPHARMA.NS,A_breakout_40d,1614.85,6.0,1711.741,1714.25,6.16
2024-02-14,2024-07-29,BPCL.NS,A_breakout_40d,315.0,6.0,333.9,337.9,7.27
2024-06-13,2024-07-29,DIVISLAB.NS,A_breakout_40d,4595.0,6.0,4870.7,4923.8501,7.16
2024-07-05,2024-07-29,DIVISLAB.NS,A_breakout_40d,4629.3999,6.0,4907.1639,4923.8501,6.36
2024-02-16,2024-07-31,BPCL.NS,A_breakout_40d,329.95,6.0,349.747,350.05,6.09
2023-11-21,2024-07-31,HDFCLIFE.NS,A_breakout_40d,669.75,6.0,709.935,715.5,6.83
2024-03-22,2024-07-31,MARUTI.NS,A_breakout_40d,12285.5498,6.0,13022.6828,13115.7998,6.76
2024-06-03,2024-07-31,NTPC.NS,A_breakout_40d,391.9,6.0,415.414,416.0,6.15
2024-07-24,2024-07-31,NTPC.NS,A_breakout_40d,390.95,6.0,414.407,416.0,6.41
2024-05-21,2024-08-01,COALINDIA.NS,A_breakout_40d,494.5,6.0,524.17,540.4,9.28
2024-05-22,2024-08-01,COALINDIA.NS,A_breakout_40d,503.4,6.0,533.604,540.4,7.35
2024-03-27,2024-08-01,MARUTI.NS,A_breakout_40d,12569.9502,6.0,13324.1472,13359.0498,6.28
2024-06-03,2024-08-01,POWERGRID.NS,A_breakout_40d,334.95,6.0,355.047,361.1,7.81
2024-04-09,2024-08-01,TATAPOWER.NS,A_breakout_40d,432.0,6.0,457.92,464.4,7.5
2024-08-01,2024-08-02,ETERNAL.NS,A_breakout_40d,244.5,6.0,259.17,262.34,7.3
2024-03-28,2024-08-02,SUNPHARMA.NS,A_breakout_40d,1631.6,6.0,1729.496,1731.65,6.13
2024-07-31,2024-08-09,TRENT.NS,A_breakout_40d,5894.0,6.0,6247.64,6275.3501,6.47
2024-02-06,2024-08-16,TCS.NS,A_breakout_40d,4153.0,6.0,4402.18,4416.0498,6.33
2024-06-18,2024-08-19,SHRIRAMFIN.NS,A_breakout_40d,565.96,6.0,599.9176,615.12,8.69
2024-03-12,2024-08-19,TCS.NS,A_breakout_40d,4205.0,6.0,4457.3,4490.0,6.78
2024-07-12,2024-08-19,TCS.NS,A_breakout_40d,4235.7002,6.0,4489.8422,4490.0,6.0
2024-08-09,2024-08-19,TRENT.NS,A_breakout_40d,6302.9502,6.0,6681.1272,6689.8999,6.14
2024-07-12,2024-08-20,TECHM.NS,A_breakout_40d,1520.1,6.0,1611.306,1628.6,7.14
2024-08-12,2024-08-20,TRENT.NS,A_breakout_40d,6375.0,6.0,6757.5,6793.8999,6.57
2024-07-25,2024-08-21,SBILIFE.NS,A_breakout_40d,1686.25,6.0,1787.425,1800.6,6.78
2024-07-26,2024-08-22,TVSMOTOR.NS,A_breakout_40d,2529.0,6.0,2680.74,2706.25,7.01
2024-07-31,2024-08-22,TVSMOTOR.NS,A_breakout_40d,2532.0,6.0,2683.92,2706.25,6.88
2024-02-09,2024-08-23,APOLLOHOSP.NS,A_breakout_40d,6464.8999,6.0,6852.7939,6860.7002,6.12
2024-07-25,2024-08-23,SUNPHARMA.NS,A_breakout_40d,1670.45,6.0,1770.677,1775.75,6.3
2024-08-01,2024-08-23,TVSMOTOR.NS,A_breakout_40d,2574.8,6.0,2729.288,2767.0,7.46
2024-01-12,2024-08-26,HCLTECH.NS,A_breakout_40d,1610.0,6.0,1706.6,1719.45,6.8
2024-07-26,2024-08-26,TECHM.NS,A_breakout_40d,1545.65,6.0,1638.389,1640.15,6.11
2023-11-30,2024-08-27,HDFCLIFE.NS,A_breakout_40d,694.05,6.0,735.693,739.55,6.56
2024-06-25,2024-08-27,SHRIRAMFIN.NS,A_breakout_40d,597.16,6.0,632.9896,645.89,8.16
2024-08-22,2024-08-28,BAJAJ-AUTO.NS,A_breakout_40d,9970.0,6.0,10568.2,10656.75,6.89
2024-03-11,2024-08-28,CIPLA.NS,A_breakout_40d,1512.0,6.0,1602.72,1618.2,7.02
2024-05-23,2024-08-28,INDIGO.NS,A_breakout_40d,4520.0,6.0,4791.2,4859.8501,7.52
2024-07-19,2024-08-28,INFY.NS,A_breakout_40d,1800.15,6.0,1908.159,1939.1,7.72
2024-08-19,2024-08-28,TRENT.NS,A_breakout_40d,6710.0,6.0,7112.6,7242.1001,7.93
2024-02-15,2024-08-29,BPCL.NS,A_breakout_40d,333.0,6.0,352.98,356.45,7.04
2024-06-03,2024-08-29,BPCL.NS,A_breakout_40d,335.0,6.0,355.1,356.45,6.4
2024-07-18,2024-08-30,APOLLOHOSP.NS,A_breakout_40d,6525.25,6.0,6916.765,6927.5,6.16
2024-07-26,2024-08-30,DIVISLAB.NS,A_breakout_40d,4804.0,6.0,5092.24,5093.8999,6.03
2024-07-26,2024-08-30,SUNPHARMA.NS,A_breakout_40d,1715.25,6.0,1818.165,1821.65,6.2
2024-07-29,2024-08-30,SUNPHARMA.NS,A_breakout_40d,1716.1,6.0,1819.066,1821.65,6.15
2024-08-13,2024-08-30,TVSMOTOR.NS,A_breakout_40d,2635.8,6.0,2793.948,2813.3,6.73
2024-08-23,2024-09-02,BAJAJ-AUTO.NS,A_breakout_40d,10375.0996,6.0,10997.6056,11126.0996,7.24
2024-04-05,2024-09-02,BAJAJFINSV.NS,A_breakout_40d,1690.0,6.0,1791.4,1840.55,8.91
2024-01-03,2024-09-02,ITC.NS,A_breakout_40d,462.1993,6.0,489.9313,491.1349,6.26
2024-07-26,2024-09-02,SBILIFE.NS,A_breakout_40d,1752.5,6.0,1857.65,1888.75,7.77
2023-12-14,2024-09-03,BAJAJFINSV.NS,A_breakout_40d,1738.95,6.0,1843.287,1865.6,7.28
2023-12-12,2024-09-03,HDFCLIFE.NS,A_breakout_40d,706.5,6.0,748.89,758.75,7.4
2024-08-21,2024-09-03,SBILIFE.NS,A_breakout_40d,1801.0,6.0,1909.06,1928.65,7.09
2024-03-26,2024-09-04,PIDILITIND.NS,A_breakout_40d,1515.575,6.0,1606.5095,1607.475,6.06
2024-07-08,2024-09-09,DABUR.NS,A_breakout_40d,622.05,6.0,659.373,662.35,6.48
2024-07-16,2024-09-09,HINDUNILVR.NS,A_breakout_40d,2700.0,6.0,2862.0,2921.8,8.21
2024-07-18,2024-09-09,HINDUNILVR.NS,A_breakout_40d,2739.0,6.0,2903.34,2921.8,6.67
2024-07-23,2024-09-09,HINDUNILVR.NS,A_breakout_40d,2748.0,6.0,2912.88,2921.8,6.32
2024-07-29,2024-09-10,DIVISLAB.NS,A_breakout_40d,4923.8501,6.0,5219.2811,5426.4502,10.21
2024-08-28,2024-09-10,DIVISLAB.NS,A_breakout_40d,5049.8999,6.0,5352.8939,5426.4502,7.46
2024-08-02,2024-09-11,ETERNAL.NS,A_breakout_40d,254.0,6.0,269.24,271.75,6.99
2024-02-12,2024-09-12,APOLLOHOSP.NS,A_breakout_40d,6614.4502,6.0,7011.3172,7061.7998,6.76
2024-08-29,2024-09-12,BAJAJ-AUTO.NS,A_breakout_40d,10835.0,6.0,11485.1,11723.5,8.2
2024-06-27,2024-09-12,BHARTIARTL.NS,A_breakout_40d,1536.25,6.0,1628.425,1646.75,7.19
2024-07-09,2024-09-12,BRITANNIA.NS,A_breakout_40d,5670.0498,6.0,6010.2528,6109.25,7.75
2024-08-07,2024-09-12,ETERNAL.NS,A_breakout_40d,265.0,6.0,280.9,283.9,7.13
2024-07-24,2024-09-12,ITC.NS,A_breakout_40d,471.8285,6.0,500.1382,500.2345,6.02
2024-04-25,2024-09-16,JSWSTEEL.NS,A_breakout_40d,910.0,6.0,964.6,971.0,6.7
2024-08-27,2024-09-16,SHRIRAMFIN.NS,A_breakout_40d,645.0,6.0,683.7,683.79,6.01
2024-09-02,2024-09-17,BAJAJ-AUTO.NS,A_breakout_40d,11105.9502,6.0,11772.3072,11950.2998,7.6
2024-06-05,2024-09-19,HEROMOTOCO.NS,A_breakout_40d,5655.1001,6.0,5994.4061,6006.0498,6.21
2024-06-12,2024-09-19,MAXHEALTH.NS,A_breakout_40d,910.5,6.0,965.13,984.85,8.17
2024-08-01,2024-09-20,ADANIGREEN.NS,A_breakout_40d,1868.95,6.0,1981.087,2003.95,7.22
2024-08-30,2024-09-20,BHARTIARTL.NS,A_breakout_40d,1605.0,6.0,1701.3,1711.75,6.65
2024-07-10,2024-09-20,BRITANNIA.NS,A_breakout_40d,5800.0,6.0,6148.0,6210.5498,7.08
2024-07-18,2024-09-20,BRITANNIA.NS,A_breakout_40d,5850.0,6.0,6201.0,6210.5498,6.16
2024-05-21,2024-09-20,JSWSTEEL.NS,A_breakout_40d,925.0,6.0,980.5,981.55,6.11
2024-09-17,2024-09-20,MAXHEALTH.NS,A_breakout_40d,964.7,6.0,1022.582,1067.95,10.7
2024-08-02,2024-09-23,APOLLOHOSP.NS,A_breakout_40d,6689.0,6.0,7090.34,7152.7998,6.93
2024-09-11,2024-09-23,BAJAJ-AUTO.NS,A_breakout_40d,11480.75,6.0,12169.595,12338.9502,7.48
2024-06-03,2024-09-23,BANKBEES.NS,A_breakout_40d,522.37,6.0,553.7122,556.57,6.55
2024-09-12,2024-09-23,BHARTIARTL.NS,A_breakout_40d,1651.0,6.0,1750.06,1750.45,6.02
2024-09-11,2024-09-23,ETERNAL.NS,A_breakout_40d,276.3,6.0,292.878,297.0,7.49
2024-05-24,2024-09-24,ADANIGREEN.NS,A_breakout_40d,1943.7,6.0,2060.322,2070.55,6.53
2024-05-27,2024-09-24,ADANIGREEN.NS,A_breakout_40d,1935.0,6.0,2051.1,2070.55,7.01
2024-09-02,2024-09-24,ADANIGREEN.NS,A_breakout_40d,1947.0,6.0,2063.82,2070.55,6.35
2024-09-17,2024-09-24,ADANIGREEN.NS,A_breakout_40d,1940.0,6.0,2056.4,2070.55,6.73
2024-09-12,2024-09-24,BAJAJ-AUTO.NS,A_breakout_40d,11723.5,6.0,12426.91,12443.6504,6.14
2024-07-30,2024-09-25,NTPC.NS,A_breakout_40d,409.5,6.0,434.07,436.1,6.5
2024-07-19,2024-09-26,BRITANNIA.NS,A_breakout_40d,5877.9502,6.0,6230.6272,6254.1001,6.4
2024-06-21,2024-09-26,JSWSTEEL.NS,A_breakout_40d,936.0,6.0,992.16,1005.55,7.43
2024-06-27,2024-09-26,JSWSTEEL.NS,A_breakout_40d,943.15,6.0,999.739,1005.55,6.62
2024-09-20,2024-09-26,M&M.NS,A_breakout_40d,2962.75,6.0,3140.515,3181.1001,7.37
2024-09-12,2024-09-26,SHRIRAMFIN.NS,A_breakout_40d,679.94,6.0,720.7364,725.69,6.73
2024-08-28,2024-09-26,TRENT.NS,A_breakout_40d,7269.9502,6.0,7706.1472,7845.3999,7.92
2024-05-21,2024-09-27,HINDALCO.NS,A_breakout_40d,698.55,6.0,740.463,747.15,6.96
2024-05-29,2024-09-27,HINDALCO.NS,A_breakout_40d,704.85,6.0,747.141,747.15,6.0
2024-08-23,2024-09-27,TVSMOTOR.NS,A_breakout_40d,2781.7,6.0,2948.602,2949.7,6.04
2024-09-24,2024-09-27,VEDL.NS,A_breakout_40d,478.0,6.0,506.68,513.0,7.32
2024-08-26,2024-09-30,HINDALCO.NS,A_breakout_40d,711.9,6.0,754.614,756.2,6.22
2024-09-11,2024-10-01,BRITANNIA.NS,A_breakout_40d,6018.6499,6.0,6379.7689,6446.0498,7.1
2024-09-25,2024-10-01,VEDL.NS,A_breakout_40d,484.55,6.0,513.623,516.15,6.52
2024-09-10,2024-10-09,DIVISLAB.NS,A_breakout_40d,5405.0,6.0,5729.3,5989.75,10.82
2024-09-27,2024-10-11,SIEMENS.NS,A_breakout_40d,4281.8677,6.0,4538.7798,4549.1875,6.24
2024-08-29,2024-10-15,HCLTECH.NS,A_breakout_40d,1751.85,6.0,1856.961,1870.1,6.75
2024-08-30,2024-10-15,HCLTECH.NS,A_breakout_40d,1764.2,6.0,1870.052,1870.1,6.0
2024-04-08,2024-10-16,GOLDBEES.NS,A_breakout_40d,60.63,6.0,64.2678,64.44,6.28
2024-10-01,2024-10-16,SIEMENS.NS,A_breakout_40d,4374.144,6.0,4636.5926,4687.9541,7.17
2024-09-25,2024-10-21,SILVERBEES.NS,A_breakout_40d,88.8,6.0,94.128,94.64,6.58
2024-02-16,2024-11-25,WIPRO.NS,A_breakout_40d,272.95,6.0,289.327,291.225,6.7
2024-06-25,2024-11-27,HDFCBANK.NS,A_breakout_40d,853.975,6.0,905.2135,906.15,6.11
2024-09-02,2024-12-05,HCLTECH.NS,A_breakout_40d,1806.0,6.0,1914.36,1924.0,6.53
2024-07-03,2024-12-05,HDFCBANK.NS,A_breakout_40d,879.875,6.0,932.6675,932.875,6.02
2024-07-12,2024-12-09,WIPRO.NS,A_breakout_40d,283.45,6.0,300.457,303.75,7.16
2024-09-20,2024-12-11,MAXHEALTH.NS,A_breakout_40d,1062.1,6.0,1125.826,1132.2,6.6
2024-12-05,2024-12-12,MAXHEALTH.NS,A_breakout_40d,1098.55,6.0,1164.463,1167.7,6.29
2024-12-11,2024-12-17,MAXHEALTH.NS,A_breakout_40d,1132.0,6.0,1199.92,1208.75,6.78
2024-11-25,2024-12-18,WIPRO.NS,A_breakout_40d,292.5,6.0,310.05,312.6,6.87
2024-09-26,2025-01-02,EICHERMOT.NS,A_breakout_40d,4990.0,6.0,5289.4,5308.1001,6.37
2024-10-15,2025-01-10,HCLTECH.NS,A_breakout_40d,1869.0,6.0,1981.14,1995.1,6.75
2024-09-25,2025-01-24,GOLDBEES.NS,A_breakout_40d,63.87,6.0,67.7022,67.77,6.11
2024-09-27,2025-02-01,EICHERMOT.NS,A_breakout_40d,5062.0,6.0,5365.72,5390.1499,6.48
2024-01-04,2025-02-03,BAJFINANCE.NS,A_breakout_40d,773.495,6.0,819.9047,842.58,8.93
2025-01-28,2025-02-03,BAJFINANCE.NS,A_breakout_40d,765.725,6.0,811.6685,842.58,10.04
2025-01-30,2025-02-03,BAJFINANCE.NS,A_breakout_40d,792.5,6.0,840.05,842.58,6.32
2025-01-10,2025-02-04,GOLDBEES.NS,A_breakout_40d,65.71,6.0,69.6526,70.08,6.65
2024-10-29,2025-02-05,GOLDBEES.NS,A_breakout_40d,67.0,6.0,71.02,71.57,6.82
2025-01-13,2025-02-05,GOLDBEES.NS,A_breakout_40d,66.28,6.0,70.2568,71.57,7.98
2024-09-12,2025-02-10,KOTAKBANK.NS,A_breakout_40d,367.4,6.0,389.444,392.03,6.7
2024-12-24,2025-03-19,INDIGO.NS,A_breakout_40d,4652.9502,6.0,4932.1272,4980.5498,7.04
2024-08-23,2025-03-20,INDIGO.NS,A_breakout_40d,4718.0,6.0,5001.08,5086.75,7.82
2024-08-28,2025-03-20,INDIGO.NS,A_breakout_40d,4731.1001,6.0,5014.9661,5086.75,7.52
2024-12-26,2025-03-20,INDIGO.NS,A_breakout_40d,4725.0,6.0,5008.5,5086.75,7.66
2024-09-20,2025-03-20,JSWSTEEL.NS,A_breakout_40d,986.0,6.0,1045.16,1050.25,6.52
2024-09-20,2025-03-20,KOTAKBANK.NS,A_breakout_40d,382.99,6.0,405.9694,407.13,6.3
2024-09-24,2025-03-21,JSWSTEEL.NS,A_breakout_40d,996.0,6.0,1055.76,1058.7,6.3
2025-02-03,2025-03-24,BAJFINANCE.NS,A_breakout_40d,842.5,6.0,893.05,909.005,7.89
2025-02-13,2025-03-24,KOTAKBANK.NS,A_breakout_40d,394.8,6.0,418.488,435.23,10.24
2025-02-13,2025-03-27,BAJAJFINSV.NS,A_breakout_40d,1853.5,6.0,1964.71,2005.75,8.21
2025-02-14,2025-03-28,SHREECEM.NS,A_breakout_40d,28490.0,6.0,30199.4,30502.9492,7.07
2024-05-21,2025-03-28,SILVERBEES.NS,A_breakout_40d,91.05,6.0,96.513,97.6,7.19
2025-02-05,2025-04-01,GOLDBEES.NS,A_breakout_40d,71.72,6.0,76.0232,76.72,6.97
2025-03-21,2025-04-03,SHREECEM.NS,A_breakout_40d,29050.0,6.0,30793.0,30902.0,6.38
2025-02-10,2025-04-11,GOLDBEES.NS,A_breakout_40d,73.45,6.0,77.857,77.9,6.06
2024-09-20,2025-04-16,BHARTIARTL.NS,A_breakout_40d,1719.0,6.0,1822.14,1822.6,6.03
2025-02-11,2025-04-16,BHARTIARTL.NS,A_breakout_40d,1704.0,6.0,1806.24,1822.6,6.96
2025-02-27,2025-04-17,BAJAJFINSV.NS,A_breakout_40d,1911.05,6.0,2025.713,2035.3,6.5
2025-03-21,2025-04-17,BHARTIARTL.NS,A_breakout_40d,1740.0,6.0,1844.4,1889.1,8.57
2025-01-02,2025-04-17,EICHERMOT.NS,A_breakout_40d,5325.0,6.0,5644.5,5678.5,6.64
2025-01-03,2025-04-17,EICHERMOT.NS,A_breakout_40d,5310.75,6.0,5629.395,5678.5,6.92
2025-03-25,2025-04-21,BAJAJFINSV.NS,A_breakout_40d,1951.0,6.0,2068.06,2103.5,7.82
2024-11-25,2025-04-21,HDFCBANK.NS,A_breakout_40d,905.0,6.0,959.3,963.55,6.47
2025-03-21,2025-04-21,KOTAKBANK.NS,A_breakout_40d,420.0,6.0,445.2,448.28,6.73
2025-04-01,2025-04-22,GOLDBEES.NS,A_breakout_40d,77.48,6.0,82.1288,82.9,7.0
2025-03-25,2025-04-22,HDFCBANK.NS,A_breakout_40d,912.5,6.0,967.25,980.85,7.49
2025-03-27,2025-04-22,HDFCBANK.NS,A_breakout_40d,914.5,6.0,969.37,980.85,7.26
2024-09-20,2025-04-22,ICICIBANK.NS,A_breakout_40d,1331.0,6.0,1410.86,1416.5,6.42
2024-12-05,2025-04-23,ICICIBANK.NS,A_breakout_40d,1342.5,6.0,1423.05,1424.4,6.1
2024-11-06,2025-05-12,BEL.NS,A_breakout_40d,301.0,6.0,319.06,322.8,7.24
2024-11-27,2025-05-13,BEL.NS,A_breakout_40d,308.0,6.0,326.48,335.75,9.01
2024-12-04,2025-05-13,BEL.NS,A_breakout_40d,314.0,6.0,332.84,335.75,6.93
2025-05-12,2025-05-14,BEL.NS,A_breakout_40d,323.7,6.0,343.122,344.35,6.38
2024-02-01,2025-05-15,SHREECEM.NS,A_breakout_40d,29500.0,6.0,31270.0,31400.0,6.44
2025-03-25,2025-05-15,SHREECEM.NS,A_breakout_40d,29555.0996,6.0,31328.4056,31400.0,6.24
2024-07-08,2025-05-16,BEL.NS,A_breakout_40d,338.0,6.0,358.28,363.9,7.66
2025-05-13,2025-05-16,BEL.NS,A_breakout_40d,339.0,6.0,359.34,363.9,7.35
2024-10-09,2025-05-19,DIVISLAB.NS,A_breakout_40d,5960.0,6.0,6317.6,6580.0,10.4
2025-05-14,2025-05-21,BEL.NS,A_breakout_40d,346.5,6.0,367.29,383.0,10.53
2025-04-24,2025-05-26,DIVISLAB.NS,A_breakout_40d,6240.0,6.0,6614.4,6737.0,7.96
2024-12-03,2025-06-02,BANKBEES.NS,A_breakout_40d,540.11,6.0,572.5166,573.52,6.19
2024-10-21,2025-06-05,SILVERBEES.NS,A_breakout_40d,94.84,6.0,100.5304,100.72,6.2
2025-02-05,2025-06-05,SILVERBEES.NS,A_breakout_40d,92.64,6.0,98.1984,100.72,8.72
2025-02-14,2025-06-05,SILVERBEES.NS,A_breakout_40d,93.99,6.0,99.6294,100.72,7.16
2024-09-18,2025-06-06,BANKBEES.NS,A_breakout_40d,541.8,6.0,574.308,581.94,7.41
2025-05-16,2025-06-10,BEL.NS,A_breakout_40d,372.9,6.0,395.274,397.4,6.57
2024-12-12,2025-06-16,MAXHEALTH.NS,A_breakout_40d,1172.1,6.0,1242.426,1246.8,6.37
2025-06-03,2025-06-17,SILVERBEES.NS,A_breakout_40d,98.0,6.0,103.88,104.19,6.32
2025-05-21,2025-06-20,BEL.NS,A_breakout_40d,383.0,6.0,405.98,408.25,6.59
2024-12-05,2025-06-26,BANKBEES.NS,A_breakout_40d,551.98,6.0,585.0988,586.5,6.25
2025-04-15,2025-06-26,HDFCBANK.NS,A_breakout_40d,941.9,6.0,998.414,1010.9,7.33
2024-09-20,2025-06-27,BANKBEES.NS,A_breakout_40d,553.99,6.0,587.2294,590.61,6.61
2025-05-15,2025-06-27,MAXHEALTH.NS,A_breakout_40d,1195.7,6.0,1267.442,1279.3,6.99
2025-06-12,2025-06-27,MAXHEALTH.NS,A_breakout_40d,1196.4,6.0,1268.184,1279.3,6.93
2024-06-27,2025-07-02,ULTRACEMCO.NS,A_breakout_40d,11699.9004,6.0,12401.8944,12436.0,6.29
2024-09-12,2025-07-03,APOLLOHOSP.NS,A_breakout_40d,7096.2002,6.0,7521.9722,7565.0,6.61
2024-09-27,2025-07-07,APOLLOHOSP.NS,A_breakout_40d,7160.5,6.0,7590.13,7616.0,6.36
2025-06-11,2025-07-07,BPCL.NS,A_breakout_40d,330.5,6.0,350.33,350.5,6.05
2025-06-20,2025-07-07,RELIANCE.NS,A_breakout_40d,1453.0,6.0,1540.18,1541.5,6.09
2025-05-19,2025-07-09,DIVISLAB.NS,A_breakout_40d,6580.0,6.0,6974.8,6983.5,6.13
2025-06-05,2025-07-14,SILVERBEES.NS,A_breakout_40d,102.77,6.0,108.9362,110.02,7.05
2025-06-06,2025-07-14,SILVERBEES.NS,A_breakout_40d,102.41,6.0,108.5546,110.02,7.43
2025-06-09,2025-07-14,SILVERBEES.NS,A_breakout_40d,103.11,6.0,109.2966,110.02,6.7
2025-06-27,2025-07-21,AMBUJACEM.NS,A_breakout_40d,575.05,6.0,609.553,613.25,6.64
2025-03-21,2025-07-23,BAJFINANCE.NS,A_breakout_40d,909.595,6.0,964.1707,968.3,6.45
2025-04-11,2025-07-23,GOLDBEES.NS,A_breakout_40d,78.5,6.0,83.21,83.75,6.69
2025-07-21,2025-07-24,ETERNAL.NS,A_breakout_40d,293.0,6.0,310.58,313.15,6.88
2024-09-23,2025-08-07,TVSMOTOR.NS,A_breakout_40d,2832.5,6.0,3002.45,3013.3999,6.39
2024-12-05,2025-08-14,ETERNAL.NS,A_breakout_40d,300.0,6.0,318.0,318.4,6.13
2025-07-22,2025-08-14,ETERNAL.NS,A_breakout_40d,298.0,6.0,315.88,318.4,6.85
2025-02-03,2025-08-18,EICHERMOT.NS,A_breakout_40d,5536.5498,6.0,5868.7428,5912.0,6.78
2025-08-04,2025-08-18,HEROMOTOCO.NS,A_breakout_40d,4536.0,6.0,4808.16,4984.0,9.88
2025-08-07,2025-08-18,HEROMOTOCO.NS,A_breakout_40d,4660.0,6.0,4939.6,4984.0,6.95
2024-09-27,2025-08-18,M&M.NS,A_breakout_40d,3163.1499,6.0,3352.9389,3383.1001,6.95
2025-06-20,2025-08-18,M&M.NS,A_breakout_40d,3163.6001,6.0,3353.4161,3383.1001,6.94
2024-08-01,2025-08-18,MARUTI.NS,A_breakout_40d,13126.0,6.0,13913.56,14068.0,7.18
2025-08-12,2025-08-18,MARUTI.NS,A_breakout_40d,12840.0,6.0,13610.4,14068.0,9.56
2024-09-27,2025-08-18,TVSMOTOR.NS,A_breakout_40d,2947.3999,6.0,3124.2439,3219.7,9.24
2025-06-27,2025-08-18,TVSMOTOR.NS,A_breakout_40d,2948.0,6.0,3124.88,3219.7,9.22
2025-08-04,2025-08-18,TVSMOTOR.NS,A_breakout_40d,2951.0,6.0,3128.06,3219.7,9.11
2025-08-13,2025-08-18,TVSMOTOR.NS,A_breakout_40d,3034.0,6.0,3216.04,3219.7,6.12
2024-12-03,2025-08-18,ULTRACEMCO.NS,A_breakout_40d,11866.2002,6.0,12578.1722,12765.0,7.57
2025-06-26,2025-08-18,ULTRACEMCO.NS,A_breakout_40d,11980.0,6.0,12698.8,12765.0,6.55
2025-07-23,2025-08-19,ETERNAL.NS,A_breakout_40d,302.25,6.0,320.385,321.45,6.35
2025-08-13,2025-08-19,HEROMOTOCO.NS,A_breakout_40d,4770.0,6.0,5056.2,5118.2002,7.3
2024-09-26,2025-08-19,MARUTI.NS,A_breakout_40d,13383.0,6.0,14185.98,14250.0,6.48
2024-09-27,2025-08-19,MARUTI.NS,A_breakout_40d,13343.5498,6.0,14144.1628,14250.0,6.79
2024-11-07,2025-08-20,APOLLOHOSP.NS,A_breakout_40d,7390.0498,6.0,7833.4528,7883.0,6.67
2025-01-06,2025-08-21,APOLLOHOSP.NS,A_breakout_40d,7466.25,6.0,7914.225,7926.5,6.16
2025-07-01,2025-08-21,APOLLOHOSP.NS,A_breakout_40d,7470.0,6.0,7918.2,7926.5,6.11
2025-04-16,2025-08-21,EICHERMOT.NS,A_breakout_40d,5615.5,6.0,5952.43,5975.0,6.4
2025-06-18,2025-08-28,SILVERBEES.NS,A_breakout_40d,105.75,6.0,112.095,112.78,6.65
2025-08-18,2025-09-01,EICHERMOT.NS,A_breakout_40d,5918.0,6.0,6273.08,6280.0,6.12
2025-07-11,2025-09-01,SILVERBEES.NS,A_breakout_40d,109.0,6.0,115.54,118.59,8.8
2025-07-14,2025-09-01,SILVERBEES.NS,A_breakout_40d,108.18,6.0,114.6708,118.59,9.62
2025-08-19,2025-09-02,EICHERMOT.NS,A_breakout_40d,5964.0,6.0,6321.84,6349.0,6.46
2025-08-25,2025-09-02,EICHERMOT.NS,A_breakout_40d,5980.0,6.0,6338.8,6349.0,6.17
2025-08-18,2025-09-02,HEROMOTOCO.NS,A_breakout_40d,4984.0,6.0,5283.04,5312.0,6.58
2025-08-18,2025-09-03,MARUTI.NS,A_breakout_40d,14070.0,6.0,14914.2,14927.0,6.09
2025-01-02,2025-09-04,M&M.NS,A_breakout_40d,3215.0,6.0,3407.9,3481.5,8.29
2025-08-18,2025-09-04,TVSMOTOR.NS,A_breakout_40d,3220.0,6.0,3413.2,3433.2,6.62
2025-07-24,2025-09-05,ETERNAL.NS,A_breakout_40d,309.95,6.0,328.547,329.15,6.19
2025-08-13,2025-09-05,HINDALCO.NS,A_breakout_40d,701.0,6.0,743.06,743.8,6.11
2025-08-26,2025-09-08,EICHERMOT.NS,A_breakout_40d,6269.5,6.0,6645.67,6815.0,8.7
2025-06-13,2025-09-08,GOLDBEES.NS,A_breakout_40d,84.2,6.0,89.252,89.98,6.86
2025-07-23,2025-09-08,GOLDBEES.NS,A_breakout_40d,84.7,6.0,89.782,89.98,6.23
2025-08-19,2025-09-08,HEROMOTOCO.NS,A_breakout_40d,5120.0,6.0,5427.2,5443.0,6.31
2024-09-30,2025-09-08,JSWSTEEL.NS,A_breakout_40d,1029.0,6.0,1090.74,1101.4,7.04
2025-03-19,2025-09-08,JSWSTEEL.NS,A_breakout_40d,1038.0,6.0,1100.28,1101.4,6.11
2025-08-19,2025-09-08,MARUTI.NS,A_breakout_40d,14362.0,6.0,15223.72,15258.0,6.24
2025-08-28,2025-09-08,SILVERBEES.NS,A_breakout_40d,113.2,6.0,119.992,120.25,6.23
2025-07-08,2025-09-09,ADANIPOWER.NS,A_breakout_40d,120.51,6.0,127.7406,128.73,6.82
2025-07-10,2025-09-09,ADANIPOWER.NS,A_breakout_40d,121.4,6.0,128.684,128.73,6.04
2025-09-04,2025-09-09,EICHERMOT.NS,A_breakout_40d,6449.0,6.0,6835.94,6874.5,6.6
2025-08-18,2025-09-09,M&M.NS,A_breakout_40d,3400.0,6.0,3604.0,3696.3,8.71
2025-06-26,2025-09-11,BRITANNIA.NS,A_breakout_40d,5849.0,6.0,6199.94,6300.5,7.72
2024-10-03,2025-09-16,JSWSTEEL.NS,A_breakout_40d,1042.0,6.0,1104.52,1115.2,7.02
2025-08-26,2025-09-17,MARUTI.NS,A_breakout_40d,14895.0,6.0,15788.7,15801.0,6.08
2025-09-08,2025-09-19,ADANIPOWER.NS,A_breakout_40d,127.6,6.0,135.256,141.88,11.19
2025-09-09,2025-09-19,ADANIPOWER.NS,A_breakout_40d,129.4,6.0,137.164,141.88,9.64
2025-09-19,2025-09-22,ADANIPOWER.NS,A_breakout_40d,148.2,6.0,157.092,170.25,14.88
2025-09-01,2025-09-22,GOLDBEES.NS,A_breakout_40d,87.4,6.0,92.644,93.14,6.57
2025-08-29,2025-09-22,SILVERBEES.NS,A_breakout_40d,118.05,6.0,125.133,128.22,8.61
2025-09-01,2025-09-22,SILVERBEES.NS,A_breakout_40d,119.0,6.0,126.14,128.22,7.75
2025-06-06,2025-09-23,BAJFINANCE.NS,A_breakout_40d,955.0,6.0,1012.3,1025.5,7.38
2025-03-21,2025-09-23,JSWSTEEL.NS,A_breakout_40d,1063.0,6.0,1126.78,1138.4,7.09
2025-07-02,2025-09-23,JSWSTEEL.NS,A_breakout_40d,1065.0,6.0,1128.9,1138.4,6.89
2025-06-30,2025-09-23,SBIN.NS,A_breakout_40d,820.0,6.0,869.2,870.6,6.17
2025-06-09,2025-09-24,BAJFINANCE.NS,A_breakout_40d,970.0,6.0,1028.2,1029.75,6.16
2025-08-18,2025-09-24,JSWSTEEL.NS,A_breakout_40d,1080.0,6.0,1144.8,1149.1,6.4
2025-09-08,2025-09-29,GOLDBEES.NS,A_breakout_40d,90.16,6.0,95.5696,95.9,6.37
2024-09-25,2025-09-30,HINDALCO.NS,A_breakout_40d,718.45,6.0,761.557,761.95,6.05
2025-09-09,2025-10-01,GOLDBEES.NS,A_breakout_40d,91.8,6.0,97.308,97.63,6.35
2024-09-24,2025-10-03,HINDALCO.NS,A_breakout_40d,725.0,6.0,768.5,780.35,7.63
2025-09-23,2025-10-08,GOLDBEES.NS,A_breakout_40d,95.9,6.0,101.654,101.69,6.04
2025-09-29,2025-10-08,SILVERBEES.NS,A_breakout_40d,139.99,6.0,148.3894,150.93,7.81
2025-09-08,2025-10-09,JSWSTEEL.NS,A_breakout_40d,1100.0,6.0,1166.0,1175.2,6.84
2025-07-02,2025-10-09,TATASTEEL.NS,A_breakout_40d,166.0,6.0,175.96,176.42,6.28
2025-07-03,2025-10-09,TATASTEEL.NS,A_breakout_40d,165.91,6.0,175.8646,176.42,6.33
2024-10-29,2025-10-10,SBIN.NS,A_breakout_40d,828.0,6.0,877.68,880.65,6.36
2025-10-08,2025-10-13,SILVERBEES.NS,A_breakout_40d,150.93,6.0,159.9858,164.34,8.88
2025-10-09,2025-10-14,SILVERBEES.NS,A_breakout_40d,156.1,6.0,165.466,174.31,11.67
2025-09-12,2025-10-15,BAJFINANCE.NS,A_breakout_40d,999.0,6.0,1058.94,1059.9,6.1
2025-10-06,2025-10-15,GOLDBEES.NS,A_breakout_40d,99.22,6.0,105.1732,105.29,6.12
2025-09-16,2025-10-15,SBIN.NS,A_breakout_40d,834.3,6.0,884.358,886.1,6.21
2025-10-07,2025-10-17,GOLDBEES.NS,A_breakout_40d,100.1,6.0,106.106,108.11,8.0
2025-07-16,2025-10-17,SBIN.NS,A_breakout_40d,838.4,6.0,888.704,889.15,6.05
2025-03-27,2025-10-20,BAJAJFINSV.NS,A_breakout_40d,1995.75,6.0,2115.495,2139.8,7.22
2025-06-20,2025-10-20,BHARTIARTL.NS,A_breakout_40d,1930.0,6.0,2045.8,2051.5,6.3
2025-07-25,2025-10-20,CIPLA.NS,A_breakout_40d,1541.2,6.0,1633.672,1639.1,6.35
2024-11-05,2025-10-20,SBIN.NS,A_breakout_40d,849.2,6.0,900.152,907.5,6.87
2025-07-28,2025-10-21,CIPLA.NS,A_breakout_40d,1563.4,6.0,1657.204,1663.6,6.41
2024-09-26,2025-10-23,HINDALCO.NS,A_breakout_40d,746.95,6.0,791.767,792.4,6.08
2025-09-03,2025-10-23,HINDALCO.NS,A_breakout_40d,744.05,6.0,788.693,792.4,6.5
2025-09-17,2025-10-23,SBIN.NS,A_breakout_40d,858.65,6.0,910.169,911.55,6.16
2024-09-27,2025-10-24,HINDALCO.NS,A_breakout_40d,750.0,6.0,795.0,824.45,9.93
2025-09-19,2025-10-27,BHARTIARTL.NS,A_breakout_40d,1954.0,6.0,2071.24,2080.1001,6.45
2025-10-03,2025-10-27,HINDALCO.NS,A_breakout_40d,782.05,6.0,828.973,840.85,7.52
2025-09-19,2025-10-27,SBIN.NS,A_breakout_40d,862.0,6.0,913.72,922.75,7.05
2025-09-29,2025-10-27,SBIN.NS,A_breakout_40d,869.95,6.0,922.147,922.75,6.07
2025-09-30,2025-10-27,VEDL.NS,A_breakout_40d,468.55,6.0,496.663,505.25,7.83
2025-10-03,2025-10-27,VEDL.NS,A_breakout_40d,474.95,6.0,503.447,505.25,6.38
2025-09-26,2025-10-28,LT.NS,A_breakout_40d,3738.0,6.0,3962.28,3972.8,6.28
2025-09-23,2025-10-28,SBIN.NS,A_breakout_40d,876.0,6.0,928.56,930.25,6.19
2024-09-26,2025-10-28,TATASTEEL.NS,A_breakout_40d,167.0,6.0,177.02,181.81,8.87
2024-09-27,2025-10-28,TATASTEEL.NS,A_breakout_40d,167.5,6.0,177.55,181.81,8.54
2024-09-30,2025-10-28,TATASTEEL.NS,A_breakout_40d,169.49,6.0,179.6594,181.81,7.27
2025-09-03,2025-10-28,TATASTEEL.NS,A_breakout_40d,169.0,6.0,179.14,181.81,7.58
2025-09-29,2025-10-29,IOC.NS,A_breakout_40d,150.04,6.0,159.0424,163.09,8.7
2025-09-30,2025-10-29,IOC.NS,A_breakout_40d,150.4,6.0,159.424,163.09,8.44
2025-09-23,2025-10-29,JSWSTEEL.NS,A_breakout_40d,1138.4,6.0,1206.704,1207.9,6.11
2024-08-27,2025-10-29,SBILIFE.NS,A_breakout_40d,1838.75,6.0,1949.075,1970.4,7.16
2024-08-30,2025-10-29,SBILIFE.NS,A_breakout_40d,1850.3,6.0,1961.318,1970.4,6.49
2025-10-06,2025-10-31,IOC.NS,A_breakout_40d,154.76,6.0,164.0456,165.9,7.2
2024-03-28,2025-10-31,LT.NS,A_breakout_40d,3780.8501,6.0,4007.7011,4030.8999,6.61
2024-12-03,2025-10-31,LT.NS,A_breakout_40d,3775.0,6.0,4001.5,4030.8999,6.78
2025-06-26,2025-10-31,SHRIRAMFIN.NS,A_breakout_40d,703.05,6.0,745.233,748.9,6.52
2025-07-04,2025-11-03,BPCL.NS,A_breakout_40d,345.8,6.0,366.548,367.3,6.22
2025-09-29,2025-11-03,BPCL.NS,A_breakout_40d,339.75,6.0,360.135,367.3,8.11
2025-10-01,2025-11-03,BPCL.NS,A_breakout_40d,344.0,6.0,364.64,367.3,6.77
2024-09-18,2025-11-03,SHRIRAMFIN.NS,A_breakout_40d,714.31,6.0,757.1686,796.45,11.5
2025-10-23,2025-11-03,SHRIRAMFIN.NS,A_breakout_40d,711.05,6.0,753.713,796.45,12.01
2025-10-29,2025-11-03,SHRIRAMFIN.NS,A_breakout_40d,738.5,6.0,782.81,796.45,7.85
2024-06-03,2025-11-04,SBIN.NS,A_breakout_40d,897.0,6.0,950.82,957.6,6.76
2025-08-18,2025-11-07,SBILIFE.NS,A_breakout_40d,1865.0,6.0,1976.9,1998.9,7.18
2025-10-31,2025-11-07,SHRIRAMFIN.NS,A_breakout_40d,762.8,6.0,808.568,816.35,7.02
2024-07-30,2025-11-11,BPCL.NS,A_breakout_40d,352.0,6.0,373.12,374.15,6.29
2025-09-04,2025-11-11,M&M.NS,A_breakout_40d,3511.0,6.0,3721.66,3749.1001,6.78
2025-08-18,2025-11-12,ASIANPAINT.NS,A_breakout_40d,2587.3999,6.0,2742.6439,2769.8,7.05
2025-11-06,2025-11-12,ASIANPAINT.NS,A_breakout_40d,2602.8999,6.0,2759.0739,2769.8,6.41
2025-11-10,2025-11-13,ASIANPAINT.NS,A_breakout_40d,2650.3999,6.0,2809.4239,2879.3999,8.64
2024-05-21,2025-11-13,VEDL.NS,A_breakout_40d,498.0,6.0,527.88,529.6,6.35
2025-10-29,2025-11-17,IOC.NS,A_breakout_40d,163.09,6.0,172.8754,173.12,6.15
2025-06-25,2025-11-18,TITAN.NS,A_breakout_40d,3655.0,6.0,3874.3,3879.2,6.13
2025-10-03,2025-11-19,HEROMOTOCO.NS,A_breakout_40d,5527.0,6.0,5858.62,5876.5,6.32
2024-09-02,2025-11-19,SBILIFE.NS,A_breakout_40d,1890.0,6.0,2003.4,2004.8,6.07
2025-06-26,2025-11-19,TITAN.NS,A_breakout_40d,3700.0,6.0,3922.0,3933.1001,6.3
2024-09-03,2025-11-20,SBILIFE.NS,A_breakout_40d,1910.0,6.0,2024.6,2027.1,6.13
2025-10-27,2025-11-20,SBILIFE.NS,A_breakout_40d,1903.1,6.0,2017.286,2027.1,6.52
2025-10-20,2025-11-26,RELIANCE.NS,A_breakout_40d,1468.0,6.0,1556.08,1569.9,6.94
2025-11-03,2025-11-26,SHRIRAMFIN.NS,A_breakout_40d,792.45,6.0,839.997,856.6,8.1
2025-10-06,2025-11-27,BANKBEES.NS,A_breakout_40d,580.46,6.0,615.2876,615.7,6.07
2025-11-17,2025-11-28,HEROMOTOCO.NS,A_breakout_40d,5820.0,6.0,6169.2,6174.5,6.09
2025-09-19,2025-12-01,ADANIPORTS.NS,A_breakout_40d,1433.0,6.0,1518.98,1530.5,6.8
2025-11-18,2025-12-01,HEROMOTOCO.NS,A_breakout_40d,5851.0,6.0,6202.06,6295.5,7.6
2024-12-06,2025-12-01,VEDL.NS,A_breakout_40d,499.95,6.0,529.947,533.3,6.67
2025-10-24,2025-12-01,VEDL.NS,A_breakout_40d,501.0,6.0,531.06,533.3,6.45
2024-09-26,2025-12-02,VEDL.NS,A_breakout_40d,506.0,6.0,536.36,538.4,6.4
2025-11-20,2025-12-04,HEROMOTOCO.NS,A_breakout_40d,5970.0,6.0,6328.2,6340.0,6.2
2024-09-17,2025-12-05,HEROMOTOCO.NS,A_breakout_40d,5985.2998,6.0,6344.4178,6350.5,6.1
2025-10-13,2025-12-11,SILVERBEES.NS,A_breakout_40d,168.44,6.0,178.5464,178.85,6.18
2025-10-08,2025-12-12,GOLDBEES.NS,A_breakout_40d,102.6,6.0,108.756,109.61,6.83
2024-06-03,2025-12-15,LT.NS,A_breakout_40d,3852.0,6.0,4083.12,4092.3,6.24
2025-10-29,2025-12-15,VEDL.NS,A_breakout_40d,513.0,6.0,543.78,549.4,7.1
2024-12-11,2025-12-16,VEDL.NS,A_breakout_40d,519.0,6.0,550.14,569.5,9.73
2024-12-12,2025-12-16,VEDL.NS,A_breakout_40d,520.5,6.0,551.73,569.5,9.41
2025-10-14,2025-12-17,SILVERBEES.NS,A_breakout_40d,177.8,6.0,188.468,192.16,8.08
2025-12-12,2025-12-18,VEDL.NS,A_breakout_40d,540.95,6.0,573.407,579.15,7.06
2025-12-18,2025-12-22,SHRIRAMFIN.NS,A_breakout_40d,869.0,6.0,921.14,934.85,7.58
2025-10-14,2025-12-23,GOLDBEES.NS,A_breakout_40d,105.2,6.0,111.512,113.1,7.51
2025-10-15,2025-12-23,GOLDBEES.NS,A_breakout_40d,105.35,6.0,111.671,113.1,7.36
2025-12-17,2025-12-24,SILVERBEES.NS,A_breakout_40d,194.79,6.0,206.4774,209.23,7.41
2025-12-22,2025-12-26,SILVERBEES.NS,A_breakout_40d,202.0,6.0,214.12,219.85,8.84
2025-12-19,2025-12-30,SHRIRAMFIN.NS,A_breakout_40d,919.0,6.0,974.14,979.4,6.57
2025-12-17,2025-12-30,VEDL.NS,A_breakout_40d,569.7,6.0,603.882,605.55,6.29
2025-10-30,2025-12-31,BPCL.NS,A_breakout_40d,358.0,6.0,379.48,384.0,7.26
2025-10-24,2025-12-31,HINDALCO.NS,A_breakout_40d,834.9,6.0,884.994,886.7,6.2
2025-12-22,2025-12-31,SHRIRAMFIN.NS,A_breakout_40d,938.7,6.0,995.022,996.2,6.13
2024-01-16,2025-12-31,TITAN.NS,A_breakout_40d,3818.95,6.0,4048.087,4051.5,6.09
2025-11-04,2025-12-31,TITAN.NS,A_breakout_40d,3780.0,6.0,4006.8,4051.5,7.18
2025-10-15,2026-01-01,NESTLEIND.NS,A_breakout_40d,1221.4,6.0,1294.684,1295.0,6.03
2025-12-05,2026-01-02,INDUSTOWER.NS,A_breakout_40d,414.0,6.0,438.84,442.05,6.78
2025-10-28,2026-01-02,SBILIFE.NS,A_breakout_40d,1934.0,6.0,2050.04,2067.3999,6.9
2025-10-28,2026-01-02,SBIN.NS,A_breakout_40d,933.9,6.0,989.934,998.95,6.97
2025-12-16,2026-01-02,VEDL.NS,A_breakout_40d,580.0,6.0,614.8,616.95,6.37
2025-12-30,2026-01-06,HINDALCO.NS,A_breakout_40d,886.4,6.0,939.584,942.25,6.3
2025-09-23,2026-01-06,MARUTI.NS,A_breakout_40d,16188.0,6.0,17159.28,17292.0,6.82
2025-10-29,2026-01-06,SBILIFE.NS,A_breakout_40d,1970.4,6.0,2088.624,2095.8,6.36
2025-11-06,2026-01-06,SBIN.NS,A_breakout_40d,958.75,6.0,1016.275,1018.9,6.27
2025-09-17,2026-01-06,TATACONSUM.NS,A_breakout_40d,1136.3,6.0,1204.478,1210.4,6.52
2024-05-21,2026-01-06,TATASTEEL.NS,A_breakout_40d,175.45,6.0,185.977,186.2,6.13
2025-11-20,2026-01-07,EICHERMOT.NS,A_breakout_40d,7125.5,6.0,7553.03,7582.5,6.41
2025-11-19,2026-01-07,TITAN.NS,A_breakout_40d,3950.0,6.0,4187.0,4273.2002,8.18
2025-12-26,2026-01-07,TITAN.NS,A_breakout_40d,4010.0,6.0,4250.6,4273.2002,6.56
2025-12-15,2026-01-12,GOLDBEES.NS,A_breakout_40d,109.46,6.0,116.0276,116.76,6.67
2025-11-04,2026-01-13,SBIN.NS,A_breakout_40d,969.65,6.0,1027.829,1028.45,6.06
2025-12-26,2026-01-13,SILVERBEES.NS,A_breakout_40d,235.21,6.0,249.3226,249.51,6.08
2025-12-12,2026-01-14,GOLDBEES.NS,A_breakout_40d,110.45,6.0,117.077,118.01,6.84
2025-10-09,2026-01-14,TATASTEEL.NS,A_breakout_40d,176.0,6.0,186.56,189.25,7.53
2025-12-22,2026-01-19,GOLDBEES.NS,A_breakout_40d,112.52,6.0,119.2712,121.1,7.63
2026-01-14,2026-01-19,SILVERBEES.NS,A_breakout_40d,262.81,6.0,278.5786,282.95,7.66
2026-01-12,2026-01-20,GOLDBEES.NS,A_breakout_40d,116.98,6.0,123.9988,125.86,7.59
2026-01-14,2026-01-20,GOLDBEES.NS,A_breakout_40d,118.01,6.0,125.0906,125.86,6.65
2026-01-19,2026-01-21,GOLDBEES.NS,A_breakout_40d,121.99,6.0,129.3094,134.97,10.64
2026-01-20,2026-01-21,GOLDBEES.NS,A_breakout_40d,127.0,6.0,134.62,134.97,6.28
2025-09-24,2026-01-27,JSWSTEEL.NS,A_breakout_40d,1149.1,6.0,1218.046,1222.0,6.34
2025-06-20,2026-01-28,BEL.NS,A_breakout_40d,411.0,6.0,435.66,453.0,10.22
2025-06-23,2026-01-28,BEL.NS,A_breakout_40d,426.4,6.0,451.984,453.0,6.24
2025-09-17,2026-01-28,BEL.NS,A_breakout_40d,415.0,6.0,439.9,453.0,9.16
2025-10-23,2026-01-28,BEL.NS,A_breakout_40d,422.0,6.0,447.32,453.0,7.35
2026-01-20,2026-01-28,SILVERBEES.NS,A_breakout_40d,300.0,6.0,318.0,332.03,10.68
2026-01-14,2026-01-28,VEDL.NS,A_breakout_40d,675.75,6.0,716.295,737.1,9.08
2026-01-16,2026-01-28,VEDL.NS,A_breakout_40d,684.95,6.0,726.047,737.1,7.61
2024-06-27,2026-01-29,AXISBANK.NS,A_breakout_40d,1283.1,6.0,1360.086,1363.7,6.28
2024-09-20,2026-01-29,AXISBANK.NS,A_breakout_40d,1251.5,6.0,1326.59,1363.7,8.97
2025-10-23,2026-01-29,AXISBANK.NS,A_breakout_40d,1254.2,6.0,1329.452,1363.7,8.73
2025-11-18,2026-01-29,AXISBANK.NS,A_breakout_40d,1268.0,6.0,1344.08,1363.7,7.55
2026-01-21,2026-01-29,GOLDBEES.NS,A_breakout_40d,131.44,6.0,139.3264,146.53,11.48
2026-01-06,2026-01-29,HINDALCO.NS,A_breakout_40d,951.05,6.0,1008.113,1024.05,7.68
2026-01-27,2026-01-29,SILVERBEES.NS,A_breakout_40d,320.8,6.0,340.048,351.91,9.7
2025-10-28,2026-01-29,TATASTEEL.NS,A_breakout_40d,183.67,6.0,194.6902,202.32,10.15
2025-10-29,2026-01-29,TATASTEEL.NS,A_breakout_40d,184.4,6.0,195.464,202.32,9.72
2026-01-14,2026-01-29,TATASTEEL.NS,A_breakout_40d,189.25,6.0,200.605,202.32,6.91
2026-01-05,2026-01-30,SBIN.NS,A_breakout_40d,1007.95,6.0,1068.427,1077.15,6.87
2025-09-22,2026-02-04,ADANIPORTS.NS,A_breakout_40d,1453.0,6.0,1540.18,1567.9,7.91
2025-06-06,2026-02-04,BANKBEES.NS,A_breakout_40d,585.5,6.0,620.63,620.95,6.05
2025-10-16,2026-02-05,ADANIPORTS.NS,A_breakout_40d,1479.5,6.0,1568.27,1570.2,6.13
2025-10-30,2026-02-05,IOC.NS,A_breakout_40d,163.51,6.0,173.3206,175.77,7.5
2026-01-13,2026-02-09,SBIN.NS,A_breakout_40d,1030.0,6.0,1091.8,1146.0,11.26
2026-01-16,2026-02-09,SBIN.NS,A_breakout_40d,1035.0,6.0,1097.1,1146.0,10.72
2026-01-22,2026-02-09,SBIN.NS,A_breakout_40d,1051.9,6.0,1115.014,1146.0,8.95
2026-01-27,2026-02-09,SBIN.NS,A_breakout_40d,1059.4,6.0,1122.964,1146.0,8.17
2026-01-29,2026-02-09,SBIN.NS,A_breakout_40d,1064.0,6.0,1127.84,1146.0,7.71
2025-12-30,2026-02-09,SHRIRAMFIN.NS,A_breakout_40d,983.0,6.0,1041.98,1062.7,8.11
2025-06-27,2026-02-09,ULTRACEMCO.NS,A_breakout_40d,12215.0,6.0,12947.9,13048.0,6.82
2025-10-31,2026-02-10,IOC.NS,A_breakout_40d,167.0,6.0,177.02,178.21,6.71
2025-11-24,2026-02-11,EICHERMOT.NS,A_breakout_40d,7258.5,6.0,7694.01,7771.0,7.06
2026-01-01,2026-02-11,INDUSTOWER.NS,A_breakout_40d,438.0,6.0,464.28,467.05,6.63
2026-01-02,2026-02-11,INDUSTOWER.NS,A_breakout_40d,439.3,6.0,465.658,467.05,6.32
2025-12-01,2026-02-12,TVSMOTOR.NS,A_breakout_40d,3659.8,6.0,3879.388,3881.2,6.05
2025-10-28,2026-02-17,LT.NS,A_breakout_40d,3988.0,6.0,4227.28,4279.7998,7.32
2025-10-30,2026-02-17,LT.NS,A_breakout_40d,4001.1001,6.0,4241.1661,4279.7998,6.97
2026-01-06,2026-02-18,AXISBANK.NS,A_breakout_40d,1293.0,6.0,1370.58,1377.0,6.5
2026-01-14,2026-02-18,AXISBANK.NS,A_breakout_40d,1298.8,6.0,1376.728,1377.0,6.02
2025-12-30,2026-02-18,BAJAJ-AUTO.NS,A_breakout_40d,9320.0,6.0,9879.2,9980.0,7.08
2026-01-19,2026-02-23,AXISBANK.NS,A_breakout_40d,1306.1,6.0,1384.466,1386.7,6.17
2026-02-09,2026-02-23,SBIN.NS,A_breakout_40d,1151.0,6.0,1220.06,1227.8,6.67
2026-01-28,2026-02-25,AXISBANK.NS,A_breakout_40d,1318.0,6.0,1397.08,1403.0,6.45
2025-10-28,2026-02-25,JSWSTEEL.NS,A_breakout_40d,1189.2,6.0,1260.552,1275.0,7.21
2026-01-29,2026-02-25,TATASTEEL.NS,A_breakout_40d,198.55,6.0,210.463,214.64,8.1
2025-12-31,2026-02-25,TITAN.NS,A_breakout_40d,4063.7,6.0,4307.522,4325.0,6.43
2025-10-17,2026-02-25,TVSMOTOR.NS,A_breakout_40d,3699.0,6.0,3920.94,3932.0,6.3
2026-01-02,2026-02-26,INDUSINDBK.NS,A_breakout_40d,905.0,6.0,959.3,964.6,6.59
2026-02-04,2026-02-26,IOC.NS,A_breakout_40d,174.24,6.0,184.6944,186.47,7.02
2025-10-29,2026-02-26,JSWSTEEL.NS,A_breakout_40d,1207.9,6.0,1280.374,1280.6,6.02
2025-10-31,2026-03-02,BEL.NS,A_breakout_40d,428.0,6.0,453.68,453.95,6.06
2025-11-11,2026-03-02,BEL.NS,A_breakout_40d,428.15,6.0,453.839,453.95,6.03
2026-01-12,2026-03-12,COALINDIA.NS,A_breakout_40d,434.0,6.0,460.04,470.1,8.32
2026-02-04,2026-04-08,ADANIPOWER.NS,A_breakout_40d,155.29,6.0,164.6074,169.31,9.03
2026-03-17,2026-04-08,ADANIPOWER.NS,A_breakout_40d,156.0,6.0,165.36,169.31,8.53
2026-04-01,2026-04-08,ADANIPOWER.NS,A_breakout_40d,154.5,6.0,163.77,169.31,9.59
2026-04-02,2026-04-09,ADANIPOWER.NS,A_breakout_40d,162.0,6.0,171.72,172.33,6.38
2026-04-06,2026-04-10,ADANIPOWER.NS,A_breakout_40d,163.0,6.0,172.78,175.81,7.86
2026-04-08,2026-04-13,ADANIPOWER.NS,A_breakout_40d,168.95,6.0,179.087,181.35,7.34
2025-11-26,2026-04-15,SIEMENS.NS,A_breakout_40d,3310.0,6.0,3508.6,3576.1001,8.04
2025-12-02,2026-04-15,SIEMENS.NS,A_breakout_40d,3372.1001,6.0,3574.4261,3576.1001,6.05
2024-05-31,2026-04-16,ADANIPOWER.NS,A_breakout_40d,174.0,6.0,184.44,193.19,11.03
2024-06-03,2026-04-16,ADANIPOWER.NS,A_breakout_40d,174.6,6.0,185.076,193.19,10.65
2025-09-22,2026-04-16,ADANIPOWER.NS,A_breakout_40d,179.9,6.0,190.694,193.19,7.39
2026-01-27,2026-04-16,HINDALCO.NS,A_breakout_40d,971.05,6.0,1029.313,1039.9,7.09
2026-04-13,2026-04-17,ADANIPOWER.NS,A_breakout_40d,185.27,6.0,196.3862,198.5,7.14
2026-02-20,2026-04-20,NTPC.NS,A_breakout_40d,374.0,6.0,396.44,398.0,6.42
2025-10-16,2026-04-21,NESTLEIND.NS,A_breakout_40d,1263.9,6.0,1339.734,1379.9,9.18
2025-10-17,2026-04-21,NESTLEIND.NS,A_breakout_40d,1289.5,6.0,1366.87,1379.9,7.01
2026-01-30,2026-04-21,NESTLEIND.NS,A_breakout_40d,1297.5,6.0,1375.35,1379.9,6.35
2025-10-29,2026-04-21,TATAPOWER.NS,A_breakout_40d,411.05,6.0,435.713,436.05,6.08
2026-04-17,2026-04-22,ADANIPOWER.NS,A_breakout_40d,198.5,6.0,210.41,215.65,8.64
2026-04-20,2026-04-22,ADANIPOWER.NS,A_breakout_40d,203.3,6.0,215.498,215.65,6.07
2023-12-28,2026-04-22,NESTLEIND.NS,A_breakout_40d,1312.5,6.0,1391.25,1395.8,6.35
2024-03-11,2026-04-22,NESTLEIND.NS,A_breakout_40d,1303.025,6.0,1381.2065,1395.8,7.12
2024-03-28,2026-04-22,NESTLEIND.NS,A_breakout_40d,1311.175,6.0,1389.8455,1395.8,6.45
2026-04-15,2026-04-22,SIEMENS.NS,A_breakout_40d,3600.0,6.0,3816.0,3844.3,6.79
2024-09-19,2026-04-23,NESTLEIND.NS,A_breakout_40d,1322.0,6.0,1401.32,1410.5,6.69
2026-01-05,2026-04-23,NESTLEIND.NS,A_breakout_40d,1319.0,6.0,1398.14,1410.5,6.94
2025-11-12,2026-04-27,ADANIPORTS.NS,A_breakout_40d,1515.0,6.0,1605.9,1628.5,7.49
2025-12-01,2026-04-27,ADANIPORTS.NS,A_breakout_40d,1528.1,6.0,1619.786,1628.5,6.57
2026-02-03,2026-04-27,ADANIPORTS.NS,A_breakout_40d,1529.9,6.0,1621.694,1628.5,6.44
2026-01-29,2026-04-27,HINDALCO.NS,A_breakout_40d,1000.0,6.0,1060.0,1061.8,6.18
2026-02-24,2026-04-27,NTPC.NS,A_breakout_40d,382.75,6.0,405.715,410.2,7.17
2025-07-16,2026-04-27,TATAPOWER.NS,A_breakout_40d,415.0,6.0,439.9,453.2,9.2
2026-01-28,2026-04-28,HINDALCO.NS,A_breakout_40d,1010.25,6.0,1070.865,1074.3,6.34
2024-09-20,2026-04-28,NESTLEIND.NS,A_breakout_40d,1352.575,6.0,1433.7295,1440.0,6.46
2024-06-03,2026-04-29,ADANIPORTS.NS,A_breakout_40d,1558.0,6.0,1651.48,1661.1,6.62
2026-01-28,2026-04-29,COALINDIA.NS,A_breakout_40d,446.0,6.0,472.76,479.9,7.6
2026-01-29,2026-04-30,COALINDIA.NS,A_breakout_40d,453.95,6.0,481.187,481.45,6.06
2024-08-01,2026-05-04,ADANIPORTS.NS,A_breakout_40d,1579.95,6.0,1674.747,1742.6,10.29
2026-02-04,2026-05-04,ADANIPORTS.NS,A_breakout_40d,1568.0,6.0,1662.08,1742.6,11.14
2026-04-17,2026-05-04,ADANIPORTS.NS,A_breakout_40d,1572.4,6.0,1666.744,1742.6,10.82
2026-04-22,2026-05-05,ADANIPOWER.NS,A_breakout_40d,216.0,6.0,228.96,229.96,6.46
2026-04-21,2026-05-05,NESTLEIND.NS,A_breakout_40d,1391.0,6.0,1474.46,1477.8,6.24
2026-04-22,2026-05-05,NESTLEIND.NS,A_breakout_40d,1388.9,6.0,1472.234,1477.8,6.4
2026-01-06,2026-05-06,BAJAJ-AUTO.NS,A_breakout_40d,9668.0,6.0,10248.08,10319.0,6.73
2025-07-03,2026-05-08,APOLLOHOSP.NS,A_breakout_40d,7593.0,6.0,8048.58,8097.0,6.64
2024-07-18,2026-05-11,TATACONSUM.NS,A_breakout_40d,1185.2675,6.0,1256.3836,1271.0,7.23
2025-10-16,2026-05-11,TATACONSUM.NS,A_breakout_40d,1152.2,6.0,1221.332,1271.0,10.31
2025-10-17,2026-05-11,TATACONSUM.NS,A_breakout_40d,1166.9,6.0,1236.914,1271.0,8.92
2026-03-06,2026-05-18,SUNPHARMA.NS,A_breakout_40d,1772.9,6.0,1879.274,1905.8,7.5
2025-08-13,2026-05-21,APOLLOHOSP.NS,A_breakout_40d,7830.0,6.0,8299.8,8308.5,6.11
2025-10-27,2026-05-21,GRASIM.NS,A_breakout_40d,2932.7,6.0,3108.662,3154.5,7.56
2025-10-28,2026-05-21,GRASIM.NS,A_breakout_40d,2945.8999,6.0,3122.6539,3154.5,7.08
2025-10-29,2026-05-21,GRASIM.NS,A_breakout_40d,2960.0,6.0,3137.6,3154.5,6.57
2025-08-14,2026-05-22,APOLLOHOSP.NS,A_breakout_40d,7850.0,6.0,8321.0,8362.5,6.53
2025-09-22,2026-05-25,ADANIENT.NS,A_breakout_40d,2642.6001,6.0,2801.1561,2849.7,7.84
2025-09-23,2026-05-25,ADANIENT.NS,A_breakout_40d,2655.0,6.0,2814.3,2849.7,7.33
2026-05-25,2026-05-27,ADANIPOWER.NS,A_breakout_40d,233.38,6.0,247.3828,248.91,6.65
2026-05-04,2026-05-27,BAJAJ-AUTO.NS,A_breakout_40d,10132.0,6.0,10739.92,10808.5,6.68
2026-01-27,2026-05-27,JSWSTEEL.NS,A_breakout_40d,1232.0,6.0,1305.92,1309.3,6.27
2026-01-29,2026-05-27,JSWSTEEL.NS,A_breakout_40d,1228.0,6.0,1301.68,1309.3,6.62
2025-10-20,2026-06-09,APOLLOHOSP.NS,A_breakout_40d,8038.0,6.0,8520.28,8524.0,6.05
2026-04-23,2026-06-29,DRREDDY.NS,A_breakout_40d,1293.0,6.0,1370.58,1375.7,6.4
2026-05-04,2026-07-01,ADANIPORTS.NS,A_breakout_40d,1742.6,6.0,1847.156,1848.2,6.06
2026-05-21,2026-07-03,APOLLOHOSP.NS,A_breakout_40d,8308.5,6.0,8807.01,8893.5,7.04
2026-01-06,2026-07-03,INDUSINDBK.NS,A_breakout_40d,914.5,6.0,969.37,974.35,6.54
2026-01-14,2026-07-06,INDUSINDBK.NS,A_breakout_40d,944.5,6.0,1001.17,1009.8,6.91
2026-01-16,2026-07-06,INDUSINDBK.NS,A_breakout_40d,947.95,6.0,1004.827,1009.8,6.52
2026-02-26,2026-07-07,INDUSINDBK.NS,A_breakout_40d,963.0,6.0,1020.78,1022.25,6.15
2026-01-07,2026-07-07,TITAN.NS,A_breakout_40d,4273.2002,6.0,4529.5922,4604.2002,7.75
2025-11-27,2026-07-09,SUNPHARMA.NS,A_breakout_40d,1810.3,6.0,1918.918,1938.7,7.09
2026-03-09,2026-07-09,SUNPHARMA.NS,A_breakout_40d,1810.0,6.0,1918.6,1938.7,7.11
2025-05-26,2026-07-14,DIVISLAB.NS,A_breakout_40d,6725.0,6.0,7128.5,7188.5,6.89
