buy_signal_date,ticker,pattern,entry_price,stop_price,status,entered_date,closed_date,last_updated
2024-10-23,TECHM.NS,A_breakout_40d,1735.05,1613.5965,New,,,2026-03-28
2024-10-29,GOLDBEES.NS,A_breakout_40d,67.0,62.31,Closed,,2026-03-28,2026-03-28
2024-10-29,SBIN.NS,A_breakout_40d,828.0,770.04,Closed,,2026-03-28,2026-03-28
2024-11-05,SBIN.NS,A_breakout_40d,849.2,789.756,Closed,,2026-03-28,2026-03-28
2024-11-06,BEL.NS,A_breakout_40d,301.0,279.93,Closed,,2026-03-28,2026-03-28
2024-11-07,APOLLOHOSP.NS,A_breakout_40d,7390.0498,6872.7463,Closed,,2026-03-28,2026-03-28
2024-11-25,HDFCBANK.NS,A_breakout_40d,905.0,841.65,Closed,,2026-03-28,2026-03-28
2024-11-25,TCS.NS,A_breakout_40d,4321.0498,4018.5763,New,,,2026-03-28
2024-11-25,WIPRO.NS,A_breakout_40d,292.5,272.025,Closed,,2026-03-28,2026-03-28
2024-11-27,BEL.NS,A_breakout_40d,308.0,286.44,Closed,,2026-03-28,2026-03-28
2024-12-03,LT.NS,A_breakout_40d,3775.0,3510.75,Closed,,2026-03-28,2026-03-28
2024-12-03,ULTRACEMCO.NS,A_breakout_40d,11866.2002,11035.5662,Closed,,2026-03-28,2026-03-28
2024-12-04,BEL.NS,A_breakout_40d,314.0,292.02,Closed,,2026-03-28,2026-03-28
2024-12-04,PIDILITIND.NS,A_breakout_40d,1610.0,1497.3,New,,,2026-03-28
2024-12-05,ETERNAL.NS,A_breakout_40d,300.0,279.0,Closed,,2026-03-28,2026-03-28
2024-12-05,ICICIBANK.NS,A_breakout_40d,1342.5,1248.525,Closed,,2026-03-28,2026-03-28
2024-12-05,MAXHEALTH.NS,A_breakout_40d,1098.55,1021.6515,Closed,,2026-03-28,2026-03-28
2024-12-05,TCS.NS,A_breakout_40d,4453.0,4141.29,New,,,2026-03-28
2024-12-06,VEDL.NS,A_breakout_40d,499.95,464.9535,Closed,,2026-03-28,2026-03-28
2024-12-11,MAXHEALTH.NS,A_breakout_40d,1132.0,1052.76,Closed,,2026-03-28,2026-03-28
2024-12-11,VEDL.NS,A_breakout_40d,519.0,482.67,Closed,,2026-03-28,2026-03-28
2024-12-12,MAXHEALTH.NS,A_breakout_40d,1172.1,1090.053,Closed,,2026-03-28,2026-03-28
2024-12-12,TECHM.NS,A_breakout_40d,1781.0,1656.33,New,,,2026-03-28
2024-12-12,VEDL.NS,A_breakout_40d,520.5,484.065,Closed,,2026-03-28,2026-03-28
2024-12-24,INDIGO.NS,A_breakout_40d,4652.9502,4327.2437,Closed,,2026-03-28,2026-03-28
2024-12-26,INDIGO.NS,A_breakout_40d,4725.0,4394.25,Closed,,2026-03-28,2026-03-28
2024-12-30,SUNPHARMA.NS,A_breakout_40d,1876.8,1745.424,New,,,2026-03-28
2025-01-02,EICHERMOT.NS,A_breakout_40d,5325.0,4952.25,Closed,,2026-03-28,2026-03-28
2025-01-02,ITC.NS,A_breakout_40d,472.0692,439.0243,New,,,2026-03-28
2025-01-02,M&M.NS,A_breakout_40d,3215.0,2989.95,Closed,,2026-03-28,2026-03-28
2025-01-03,EICHERMOT.NS,A_breakout_40d,5310.75,4938.9975,Closed,,2026-03-28,2026-03-28
2025-01-06,APOLLOHOSP.NS,A_breakout_40d,7466.25,6943.6125,Closed,,2026-03-28,2026-03-28
2025-01-10,GOLDBEES.NS,A_breakout_40d,65.71,61.1103,Closed,,2026-03-28,2026-03-28
2025-01-10,HCLTECH.NS,A_breakout_40d,1994.9,1855.257,New,,,2026-03-28
2025-01-13,GOLDBEES.NS,A_breakout_40d,66.28,61.6404,Closed,,2026-03-28,2026-03-28
2025-01-23,WIPRO.NS,A_breakout_40d,319.0,296.67,New,,,2026-03-28
2025-01-28,BAJFINANCE.NS,A_breakout_40d,765.725,712.1242,Closed,,2026-03-28,2026-03-28
2025-01-30,BAJFINANCE.NS,A_breakout_40d,792.5,737.025,Closed,,2026-03-28,2026-03-28
2025-02-03,BAJFINANCE.NS,A_breakout_40d,842.5,783.525,Closed,,2026-03-28,2026-03-28
2025-02-03,EICHERMOT.NS,A_breakout_40d,5536.5498,5148.9913,Closed,,2026-03-28,2026-03-28
2025-02-05,GOLDBEES.NS,A_breakout_40d,71.72,66.6996,Closed,,2026-03-28,2026-03-28
2025-02-05,SILVERBEES.NS,A_breakout_40d,92.64,86.1552,Closed,,2026-03-28,2026-03-28
2025-02-10,GOLDBEES.NS,A_breakout_40d,73.45,68.3085,Closed,,2026-03-28,2026-03-28
2025-02-11,BHARTIARTL.NS,A_breakout_40d,1704.0,1584.72,Closed,,2026-03-28,2026-03-28
2025-02-13,BAJAJFINSV.NS,A_breakout_40d,1853.5,1723.755,Closed,,2026-03-28,2026-03-28
2025-02-13,KOTAKBANK.NS,A_breakout_40d,394.8,367.164,Closed,,2026-03-28,2026-03-28
2025-02-14,SHREECEM.NS,A_breakout_40d,28490.0,26495.7,Closed,,2026-03-28,2026-03-28
2025-02-14,SILVERBEES.NS,A_breakout_40d,93.99,87.4107,Closed,,2026-03-28,2026-03-28
2025-02-27,BAJAJFINSV.NS,A_breakout_40d,1911.05,1777.2765,Closed,,2026-03-28,2026-03-28
2025-03-19,JSWSTEEL.NS,A_breakout_40d,1038.0,965.34,Closed,,2026-03-28,2026-03-28
2025-03-21,BAJFINANCE.NS,A_breakout_40d,909.595,845.9233,Closed,,2026-03-28,2026-03-28
2025-03-21,BHARTIARTL.NS,A_breakout_40d,1740.0,1618.2,Closed,,2026-03-28,2026-03-28
2025-03-21,JSWSTEEL.NS,A_breakout_40d,1063.0,988.59,Closed,,2026-03-28,2026-03-28
2025-03-21,KOTAKBANK.NS,A_breakout_40d,420.0,390.6,Closed,,2026-03-28,2026-03-28
2025-03-21,SHREECEM.NS,A_breakout_40d,29050.0,27016.5,Closed,,2026-03-28,2026-03-28
2025-03-24,KOTAKBANK.NS,A_breakout_40d,435.98,405.4614,New,,,2026-03-28
2025-03-25,BAJAJFINSV.NS,A_breakout_40d,1951.0,1814.43,Closed,,2026-03-28,2026-03-28
2025-03-25,HDFCBANK.NS,A_breakout_40d,912.5,848.625,Closed,,2026-03-28,2026-03-28
2025-03-25,SHREECEM.NS,A_breakout_40d,29555.0996,27486.2426,Closed,,2026-03-28,2026-03-28
2025-03-27,BAJAJFINSV.NS,A_breakout_40d,1995.75,1856.0475,Closed,,2026-03-28,2026-03-28
2025-03-27,HDFCBANK.NS,A_breakout_40d,914.5,850.485,Closed,,2026-03-28,2026-03-28
2025-03-27,SHREECEM.NS,A_breakout_40d,30700.0,28551.0,New,,,2026-03-28
2025-03-28,SHREECEM.NS,A_breakout_40d,30546.1504,28407.9199,New,,,2026-03-28
2025-04-01,GOLDBEES.NS,A_breakout_40d,77.48,72.0564,Closed,,2026-03-28,2026-03-28
2025-04-11,GOLDBEES.NS,A_breakout_40d,78.5,73.005,Closed,,2026-03-28,2026-03-28
2025-04-15,HDFCBANK.NS,A_breakout_40d,941.9,875.967,Closed,,2026-03-28,2026-03-28
2025-04-16,EICHERMOT.NS,A_breakout_40d,5615.5,5222.415,Closed,,2026-03-28,2026-03-28
2025-04-22,HDFCBANK.NS,A_breakout_40d,989.45,920.1885,New,,,2026-03-28
2025-04-24,DIVISLAB.NS,A_breakout_40d,6240.0,5803.2,Closed,,2026-03-28,2026-03-28
2025-05-12,BEL.NS,A_breakout_40d,323.7,301.041,Closed,,2026-03-28,2026-03-28
2025-05-13,BEL.NS,A_breakout_40d,339.0,315.27,Closed,,2026-03-28,2026-03-28
2025-05-14,BEL.NS,A_breakout_40d,346.5,322.245,Closed,,2026-03-28,2026-03-28
2025-05-15,MAXHEALTH.NS,A_breakout_40d,1195.7,1112.001,Closed,,2026-03-28,2026-03-28
2025-05-15,SHREECEM.NS,A_breakout_40d,31400.0,29202.0,New,,,2026-03-28
2025-05-16,BEL.NS,A_breakout_40d,372.9,346.797,Closed,,2026-03-28,2026-03-28
2025-05-19,DIVISLAB.NS,A_breakout_40d,6580.0,6119.4,Closed,,2026-03-28,2026-03-28
2025-05-21,BEL.NS,A_breakout_40d,383.0,356.19,Closed,,2026-03-28,2026-03-28
2025-05-23,HDFCLIFE.NS,A_breakout_40d,784.3,729.399,New,,,2026-03-28
2025-05-26,DIVISLAB.NS,A_breakout_40d,6725.0,6254.25,New,,,2026-03-28
2025-05-28,HDFCLIFE.NS,A_breakout_40d,788.0,732.84,New,,,2026-03-28
2025-06-03,SILVERBEES.NS,A_breakout_40d,98.0,91.14,Closed,,2026-03-28,2026-03-28
2025-06-05,SILVERBEES.NS,A_breakout_40d,102.77,95.5761,Closed,,2026-03-28,2026-03-28
2025-06-06,BAJFINANCE.NS,A_breakout_40d,955.0,888.15,Closed,,2026-03-28,2026-03-28
2025-06-06,SILVERBEES.NS,A_breakout_40d,102.41,95.2413,Closed,,2026-03-28,2026-03-28
2025-06-09,BAJFINANCE.NS,A_breakout_40d,970.0,902.1,Closed,,2026-03-28,2026-03-28
2025-06-09,SILVERBEES.NS,A_breakout_40d,103.11,95.8923,Closed,,2026-03-28,2026-03-28
2025-06-11,BPCL.NS,A_breakout_40d,330.5,307.365,Closed,,2026-03-28,2026-03-28
2025-06-12,MAXHEALTH.NS,A_breakout_40d,1196.4,1112.652,Closed,,2026-03-28,2026-03-28
2025-06-13,GOLDBEES.NS,A_breakout_40d,84.2,78.306,Closed,,2026-03-28,2026-03-28
2025-06-13,MAXHEALTH.NS,A_breakout_40d,1245.2,1158.036,New,,,2026-03-28
2025-06-18,SILVERBEES.NS,A_breakout_40d,105.75,98.3475,Closed,,2026-03-28,2026-03-28
2025-06-20,BEL.NS,A_breakout_40d,411.0,382.23,Closed,,2026-03-28,2026-03-28
2025-06-20,BHARTIARTL.NS,A_breakout_40d,1930.0,1794.9,Closed,,2026-03-28,2026-03-28
2025-06-20,M&M.NS,A_breakout_40d,3163.6001,2942.1481,Closed,,2026-03-28,2026-03-28
2025-06-20,RELIANCE.NS,A_breakout_40d,1453.0,1351.29,Closed,,2026-03-28,2026-03-28
2025-06-23,BEL.NS,A_breakout_40d,426.4,396.552,Closed,,2026-03-28,2026-03-28
2025-06-25,TITAN.NS,A_breakout_40d,3655.0,3399.15,Closed,,2026-03-28,2026-03-28
2025-06-26,BRITANNIA.NS,A_breakout_40d,5849.0,5439.57,Closed,,2026-03-28,2026-03-28
2025-06-26,HDFCBANK.NS,A_breakout_40d,1006.5,936.045,New,,,2026-03-28
2025-06-26,HDFCLIFE.NS,A_breakout_40d,801.0,744.93,New,,,2026-03-28
2025-06-26,MAXHEALTH.NS,A_breakout_40d,1270.0,1181.1,New,,,2026-03-28
2025-06-26,SHRIRAMFIN.NS,A_breakout_40d,703.05,653.8365,Closed,,2026-03-28,2026-03-28
2025-06-26,TITAN.NS,A_breakout_40d,3700.0,3441.0,Closed,,2026-03-28,2026-03-28
2025-06-26,ULTRACEMCO.NS,A_breakout_40d,11980.0,11141.4,Closed,,2026-03-28,2026-03-28
2025-06-27,AMBUJACEM.NS,A_breakout_40d,575.05,534.7965,Closed,,2026-03-28,2026-03-28
2025-06-27,HDFCLIFE.NS,A_breakout_40d,809.0,752.37,New,,,2026-03-28
2025-06-27,ICICIBANK.NS,A_breakout_40d,1461.8,1359.474,New,,,2026-03-28
2025-06-27,INDIGO.NS,A_breakout_40d,5840.0,5431.2,New,,,2026-03-28
2025-06-27,MAXHEALTH.NS,A_breakout_40d,1284.5,1194.585,New,,,2026-03-28
2025-06-27,TVSMOTOR.NS,A_breakout_40d,2948.0,2741.64,Closed,,2026-03-28,2026-03-28
2025-06-27,ULTRACEMCO.NS,A_breakout_40d,12215.0,11359.95,Closed,,2026-03-28,2026-03-28
2025-06-30,DIVISLAB.NS,A_breakout_40d,6828.5,6350.505,New,,,2026-03-28
2025-06-30,INDIGO.NS,A_breakout_40d,5962.5,5545.125,New,,,2026-03-28
2025-06-30,SBIN.NS,A_breakout_40d,820.0,762.6,Closed,,2026-03-28,2026-03-28
2025-07-01,APOLLOHOSP.NS,A_breakout_40d,7470.0,6947.1,Closed,,2026-03-28,2026-03-28
2025-07-02,AMBUJACEM.NS,A_breakout_40d,596.45,554.6985,New,,,2026-03-28
2025-07-02,JSWSTEEL.NS,A_breakout_40d,1065.0,990.45,Closed,,2026-03-28,2026-03-28
2025-07-02,TATASTEEL.NS,A_breakout_40d,166.0,154.38,Closed,,2026-03-28,2026-03-28
2025-07-03,APOLLOHOSP.NS,A_breakout_40d,7593.0,7061.49,New,,,2026-03-28
2025-07-03,TATASTEEL.NS,A_breakout_40d,165.91,154.2963,Closed,,2026-03-28,2026-03-28
2025-07-04,BPCL.NS,A_breakout_40d,345.8,321.594,Closed,,2026-03-28,2026-03-28
2025-07-08,ADANIPOWER.NS,A_breakout_40d,120.51,112.0743,Closed,,2026-03-28,2026-03-28
2025-07-08,KOTAKBANK.NS,A_breakout_40d,443.4,412.362,New,,,2026-03-28
2025-07-10,ADANIPOWER.NS,A_breakout_40d,121.4,112.902,Closed,,2026-03-28,2026-03-28
2025-07-11,SILVERBEES.NS,A_breakout_40d,109.0,101.37,Closed,,2026-03-28,2026-03-28
2025-07-14,SILVERBEES.NS,A_breakout_40d,108.18,100.6074,Closed,,2026-03-28,2026-03-28
2025-07-16,SBIN.NS,A_breakout_40d,838.4,779.712,Closed,,2026-03-28,2026-03-28
2025-07-16,TATAPOWER.NS,A_breakout_40d,415.0,385.95,New,,,2026-03-28
2025-07-21,AMBUJACEM.NS,A_breakout_40d,615.0,571.95,New,,,2026-03-28
2025-07-21,ETERNAL.NS,A_breakout_40d,293.0,272.49,Closed,,2026-03-28,2026-03-28
2025-07-21,ULTRACEMCO.NS,A_breakout_40d,12649.0,11763.57,New,,,2026-03-28
2025-07-22,AMBUJACEM.NS,A_breakout_40d,623.0,579.39,New,,,2026-03-28
2025-07-22,ETERNAL.NS,A_breakout_40d,298.0,277.14,Closed,,2026-03-28,2026-03-28
2025-07-23,ETERNAL.NS,A_breakout_40d,302.25,281.0925,Closed,,2026-03-28,2026-03-28
2025-07-23,GOLDBEES.NS,A_breakout_40d,84.7,78.771,Closed,,2026-03-28,2026-03-28
2025-07-24,ETERNAL.NS,A_breakout_40d,309.95,288.2535,Closed,,2026-03-28,2026-03-28
2025-07-25,CIPLA.NS,A_breakout_40d,1541.2,1433.316,Closed,,2026-03-28,2026-03-28
2025-07-28,CIPLA.NS,A_breakout_40d,1563.4,1453.962,Closed,,2026-03-28,2026-03-28
2025-08-01,HINDUNILVR.NS,A_breakout_40d,2547.0,2368.71,New,,,2026-03-28
2025-08-04,HEROMOTOCO.NS,A_breakout_40d,4536.0,4218.48,Closed,,2026-03-28,2026-03-28
2025-08-04,TVSMOTOR.NS,A_breakout_40d,2951.0,2744.43,Closed,,2026-03-28,2026-03-28
2025-08-07,HEROMOTOCO.NS,A_breakout_40d,4660.0,4333.8,Closed,,2026-03-28,2026-03-28
2025-08-12,MARUTI.NS,A_breakout_40d,12840.0,11941.2,Closed,,2026-03-28,2026-03-28
2025-08-13,APOLLOHOSP.NS,A_breakout_40d,7830.0,7281.9,New,,,2026-03-28
2025-08-13,HEROMOTOCO.NS,A_breakout_40d,4770.0,4436.1,Closed,,2026-03-28,2026-03-28
2025-08-13,HINDALCO.NS,A_breakout_40d,701.0,651.93,Closed,,2026-03-28,2026-03-28
2025-08-13,TVSMOTOR.NS,A_breakout_40d,3034.0,2821.62,Closed,,2026-03-28,2026-03-28
2025-08-14,APOLLOHOSP.NS,A_breakout_40d,7850.0,7300.5,New,,,2026-03-28
2025-08-18,ASIANPAINT.NS,A_breakout_40d,2587.3999,2406.2819,Closed,,2026-03-28,2026-03-28
2025-08-18,EICHERMOT.NS,A_breakout_40d,5918.0,5503.74,Closed,,2026-03-28,2026-03-28
2025-08-18,HEROMOTOCO.NS,A_breakout_40d,4984.0,4635.12,Closed,,2026-03-28,2026-03-28
2025-08-18,HINDUNILVR.NS,A_breakout_40d,2572.2,2392.146,New,,,2026-03-28
2025-08-18,JSWSTEEL.NS,A_breakout_40d,1080.0,1004.4,Closed,,2026-03-28,2026-03-28
2025-08-18,M&M.NS,A_breakout_40d,3400.0,3162.0,Closed,,2026-03-28,2026-03-28
2025-08-18,MARUTI.NS,A_breakout_40d,14070.0,13085.1,Closed,,2026-03-28,2026-03-28
2025-08-18,SBILIFE.NS,A_breakout_40d,1865.0,1734.45,Closed,,2026-03-28,2026-03-28
2025-08-18,TVSMOTOR.NS,A_breakout_40d,3220.0,2994.6,Closed,,2026-03-28,2026-03-28
2025-08-18,ULTRACEMCO.NS,A_breakout_40d,12787.0,11891.91,New,,,2026-03-28
2025-08-19,EICHERMOT.NS,A_breakout_40d,5964.0,5546.52,Closed,,2026-03-28,2026-03-28
2025-08-19,HEROMOTOCO.NS,A_breakout_40d,5120.0,4761.6,Closed,,2026-03-28,2026-03-28
2025-08-19,MARUTI.NS,A_breakout_40d,14362.0,13356.66,Closed,,2026-03-28,2026-03-28
2025-08-20,DABUR.NS,A_breakout_40d,535.95,498.4335,New,,,2026-03-28
2025-08-20,HINDUNILVR.NS,A_breakout_40d,2667.1001,2480.4031,New,,,2026-03-28
2025-08-25,EICHERMOT.NS,A_breakout_40d,5980.0,5561.4,Closed,,2026-03-28,2026-03-28
2025-08-26,EICHERMOT.NS,A_breakout_40d,6269.5,5830.635,Closed,,2026-03-28,2026-03-28
2025-08-26,HINDUNILVR.NS,A_breakout_40d,2748.0,2555.64,New,,,2026-03-28
2025-08-26,MARUTI.NS,A_breakout_40d,14895.0,13852.35,Closed,,2026-03-28,2026-03-28
2025-08-28,SILVERBEES.NS,A_breakout_40d,113.2,105.276,Closed,,2026-03-28,2026-03-28
2025-08-29,SILVERBEES.NS,A_breakout_40d,118.05,109.7865,Closed,,2026-03-28,2026-03-28
2025-09-01,GOLDBEES.NS,A_breakout_40d,87.4,81.282,Closed,,2026-03-28,2026-03-28
2025-09-01,SILVERBEES.NS,A_breakout_40d,119.0,110.67,Closed,,2026-03-28,2026-03-28
2025-09-02,DABUR.NS,A_breakout_40d,545.9,507.687,New,,,2026-03-28
2025-09-03,HINDALCO.NS,A_breakout_40d,744.05,691.9665,Closed,,2026-03-28,2026-03-28
2025-09-03,TATASTEEL.NS,A_breakout_40d,169.0,157.17,Closed,,2026-03-28,2026-03-28
2025-09-04,BRITANNIA.NS,A_breakout_40d,6066.0,5641.38,New,,,2026-03-28
2025-09-04,DABUR.NS,A_breakout_40d,553.8,515.034,New,,,2026-03-28
2025-09-04,EICHERMOT.NS,A_breakout_40d,6449.0,5997.57,Closed,,2026-03-28,2026-03-28
2025-09-04,M&M.NS,A_breakout_40d,3511.0,3265.23,Closed,,2026-03-28,2026-03-28
2025-09-08,ADANIPOWER.NS,A_breakout_40d,127.6,118.668,Closed,,2026-03-28,2026-03-28
2025-09-08,GOLDBEES.NS,A_breakout_40d,90.16,83.8488,Closed,,2026-03-28,2026-03-28
2025-09-08,JSWSTEEL.NS,A_breakout_40d,1100.0,1023.0,Closed,,2026-03-28,2026-03-28
2025-09-09,ADANIPOWER.NS,A_breakout_40d,129.4,120.342,Closed,,2026-03-28,2026-03-28
2025-09-09,GOLDBEES.NS,A_breakout_40d,91.8,85.374,Closed,,2026-03-28,2026-03-28
2025-09-12,BAJFINANCE.NS,A_breakout_40d,999.0,929.07,Closed,,2026-03-28,2026-03-28
2025-09-16,SBIN.NS,A_breakout_40d,834.3,775.899,Closed,,2026-03-28,2026-03-28
2025-09-17,BEL.NS,A_breakout_40d,415.0,385.95,Closed,,2026-03-28,2026-03-28
2025-09-17,SBIN.NS,A_breakout_40d,858.65,798.5445,Closed,,2026-03-28,2026-03-28
2025-09-17,TATACONSUM.NS,A_breakout_40d,1136.3,1056.759,Closed,,2026-03-28,2026-03-28
2025-09-19,ADANIPORTS.NS,A_breakout_40d,1433.0,1332.69,Closed,,2026-03-28,2026-03-28
2025-09-19,ADANIPOWER.NS,A_breakout_40d,148.2,137.826,Closed,,2026-03-28,2026-03-28
2025-09-19,BHARTIARTL.NS,A_breakout_40d,1954.0,1817.22,Closed,,2026-03-28,2026-03-28
2025-09-19,SBIN.NS,A_breakout_40d,862.0,801.66,Closed,,2026-03-28,2026-03-28
2025-09-22,ADANIENT.NS,A_breakout_40d,2642.6001,2457.6181,New,,,2026-03-28
2025-09-22,ADANIPORTS.NS,A_breakout_40d,1453.0,1351.29,Closed,,2026-03-28,2026-03-28
2025-09-22,ADANIPOWER.NS,A_breakout_40d,179.9,167.307,New,,,2026-03-28
2025-09-23,ADANIENT.NS,A_breakout_40d,2655.0,2469.15,New,,,2026-03-28
2025-09-23,GOLDBEES.NS,A_breakout_40d,95.9,89.187,Closed,,2026-03-28,2026-03-28
2025-09-23,JSWSTEEL.NS,A_breakout_40d,1138.4,1058.712,Closed,,2026-03-28,2026-03-28
2025-09-23,MARUTI.NS,A_breakout_40d,16188.0,15054.84,Closed,,2026-03-28,2026-03-28
2025-09-23,SBIN.NS,A_breakout_40d,876.0,814.68,Closed,,2026-03-28,2026-03-28
2025-09-24,JSWSTEEL.NS,A_breakout_40d,1149.1,1068.663,Closed,,2026-03-28,2026-03-28
2025-09-26,LT.NS,A_breakout_40d,3738.0,3476.34,Closed,,2026-03-28,2026-03-28
2025-09-29,BPCL.NS,A_breakout_40d,339.75,315.9675,Closed,,2026-03-28,2026-03-28
2025-09-29,IOC.NS,A_breakout_40d,150.04,139.5372,Closed,,2026-03-28,2026-03-28
2025-09-29,SBIN.NS,A_breakout_40d,869.95,809.0535,Closed,,2026-03-28,2026-03-28
2025-09-29,SILVERBEES.NS,A_breakout_40d,139.99,130.1907,Closed,,2026-03-28,2026-03-28
2025-09-30,IOC.NS,A_breakout_40d,150.4,139.872,Closed,,2026-03-28,2026-03-28
2025-09-30,VEDL.NS,A_breakout_40d,468.55,435.7515,Closed,,2026-03-28,2026-03-28
2025-10-01,BPCL.NS,A_breakout_40d,344.0,319.92,Closed,,2026-03-28,2026-03-28
2025-10-03,HEROMOTOCO.NS,A_breakout_40d,5527.0,5140.11,Closed,,2026-03-28,2026-03-28
2025-10-03,HINDALCO.NS,A_breakout_40d,782.05,727.3065,Closed,,2026-03-28,2026-03-28
2025-10-03,VEDL.NS,A_breakout_40d,474.95,441.7035,Closed,,2026-03-28,2026-03-28
2025-10-06,GOLDBEES.NS,A_breakout_40d,99.22,92.2746,Closed,,2026-03-28,2026-03-28
2025-10-06,IOC.NS,A_breakout_40d,154.76,143.9268,Closed,,2026-03-28,2026-03-28
2025-10-07,GOLDBEES.NS,A_breakout_40d,100.1,93.093,Closed,,2026-03-28,2026-03-28
2025-10-08,GOLDBEES.NS,A_breakout_40d,102.6,95.418,Closed,,2026-03-28,2026-03-28
2025-10-08,SILVERBEES.NS,A_breakout_40d,150.93,140.3649,Closed,,2026-03-28,2026-03-28
2025-10-09,SILVERBEES.NS,A_breakout_40d,156.1,145.173,Closed,,2026-03-28,2026-03-28
2025-10-09,TATASTEEL.NS,A_breakout_40d,176.0,163.68,Closed,,2026-03-28,2026-03-28
2025-10-13,SILVERBEES.NS,A_breakout_40d,168.44,156.6492,Closed,,2026-03-28,2026-03-28
2025-10-14,GOLDBEES.NS,A_breakout_40d,105.2,97.836,Closed,,2026-03-28,2026-03-28
2025-10-14,SILVERBEES.NS,A_breakout_40d,177.8,165.354,Closed,,2026-03-28,2026-03-28
2025-10-15,GOLDBEES.NS,A_breakout_40d,105.35,97.9755,Closed,,2026-03-28,2026-03-28
2025-10-15,NESTLEIND.NS,A_breakout_40d,1221.4,1135.902,Closed,,2026-03-28,2026-03-28
2025-10-16,ADANIPORTS.NS,A_breakout_40d,1479.5,1375.935,Closed,,2026-03-28,2026-03-28
2025-10-16,NESTLEIND.NS,A_breakout_40d,1263.9,1175.427,New,,,2026-03-28
2025-10-16,TATACONSUM.NS,A_breakout_40d,1152.2,1071.546,New,,,2026-03-28
2025-10-17,NESTLEIND.NS,A_breakout_40d,1289.5,1199.235,New,,,2026-03-28
2025-10-17,TATACONSUM.NS,A_breakout_40d,1166.9,1085.217,New,,,2026-03-28
2025-10-17,TVSMOTOR.NS,A_breakout_40d,3699.0,3440.07,Closed,,2026-03-28,2026-03-28
2025-10-20,APOLLOHOSP.NS,A_breakout_40d,8038.0,7475.34,New,,,2026-03-28
2025-10-20,BAJAJFINSV.NS,A_breakout_40d,2150.0,1999.5,New,,,2026-03-28
2025-10-20,BHARTIARTL.NS,A_breakout_40d,2051.8,1908.174,New,,,2026-03-28
2025-10-20,CIPLA.NS,A_breakout_40d,1646.7,1531.431,New,,,2026-03-28
2025-10-20,RELIANCE.NS,A_breakout_40d,1468.0,1365.24,Closed,,2026-03-28,2026-03-28
2025-10-23,AXISBANK.NS,A_breakout_40d,1254.2,1166.406,Closed,,2026-03-28,2026-03-28
2025-10-23,BEL.NS,A_breakout_40d,422.0,392.46,Closed,,2026-03-28,2026-03-28
2025-10-23,HDFCBANK.NS,A_breakout_40d,1011.0,940.23,New,,,2026-03-28
2025-10-23,SHRIRAMFIN.NS,A_breakout_40d,711.05,661.2765,Closed,,2026-03-28,2026-03-28
2025-10-24,HINDALCO.NS,A_breakout_40d,834.9,776.457,Closed,,2026-03-28,2026-03-28
2025-10-24,VEDL.NS,A_breakout_40d,501.0,465.93,Closed,,2026-03-28,2026-03-28
2025-10-27,GRASIM.NS,A_breakout_40d,2932.7,2727.411,New,,,2026-03-28
2025-10-27,SBILIFE.NS,A_breakout_40d,1903.1,1769.883,Closed,,2026-03-28,2026-03-28
2025-10-28,BHARTIARTL.NS,A_breakout_40d,2083.0,1937.19,New,,,2026-03-28
2025-10-28,GRASIM.NS,A_breakout_40d,2945.8999,2739.6869,New,,,2026-03-28
2025-10-28,JSWSTEEL.NS,A_breakout_40d,1189.2,1105.956,Closed,,2026-03-28,2026-03-28
2025-10-28,LT.NS,A_breakout_40d,3988.0,3708.84,Closed,,2026-03-28,2026-03-28
2025-10-28,SBILIFE.NS,A_breakout_40d,1934.0,1798.62,Closed,,2026-03-28,2026-03-28
2025-10-28,SBIN.NS,A_breakout_40d,933.9,868.527,Closed,,2026-03-28,2026-03-28
2025-10-28,TATASTEEL.NS,A_breakout_40d,183.67,170.8131,Closed,,2026-03-28,2026-03-28
2025-10-29,GRASIM.NS,A_breakout_40d,2960.0,2752.8,New,,,2026-03-28
2025-10-29,IOC.NS,A_breakout_40d,163.09,151.6737,Closed,,2026-03-28,2026-03-28
2025-10-29,JSWSTEEL.NS,A_breakout_40d,1207.9,1123.347,Closed,,2026-03-28,2026-03-28
2025-10-29,SBILIFE.NS,A_breakout_40d,1970.4,1832.472,Closed,,2026-03-28,2026-03-28
2025-10-29,SHRIRAMFIN.NS,A_breakout_40d,738.5,686.805,Closed,,2026-03-28,2026-03-28
2025-10-29,TATAPOWER.NS,A_breakout_40d,411.05,382.2765,New,,,2026-03-28
2025-10-29,TATASTEEL.NS,A_breakout_40d,184.4,171.492,Closed,,2026-03-28,2026-03-28
2025-10-29,VEDL.NS,A_breakout_40d,513.0,477.09,Closed,,2026-03-28,2026-03-28
2025-10-30,BPCL.NS,A_breakout_40d,358.0,332.94,Closed,,2026-03-28,2026-03-28
2025-10-30,IOC.NS,A_breakout_40d,163.51,152.0643,Closed,,2026-03-28,2026-03-28
2025-10-30,LT.NS,A_breakout_40d,4001.1001,3721.0231,Closed,,2026-03-28,2026-03-28
2025-10-31,BEL.NS,A_breakout_40d,428.0,398.04,Closed,,2026-03-28,2026-03-28
2025-10-31,IOC.NS,A_breakout_40d,167.0,155.31,Closed,,2026-03-28,2026-03-28
2025-10-31,SHRIRAMFIN.NS,A_breakout_40d,762.8,709.404,Closed,,2026-03-28,2026-03-28
2025-11-03,BPCL.NS,A_breakout_40d,369.85,343.9605,New,,,2026-03-28
2025-11-03,SHRIRAMFIN.NS,A_breakout_40d,792.45,736.9785,Closed,,2026-03-28,2026-03-28
2025-11-03,TATACONSUM.NS,A_breakout_40d,1199.8,1115.814,New,,,2026-03-28
2025-11-04,BHARTIARTL.NS,A_breakout_40d,2115.0,1966.95,New,,,2026-03-28
2025-11-04,DIVISLAB.NS,A_breakout_40d,6792.5,6317.025,New,,,2026-03-28
2025-11-04,SBIN.NS,A_breakout_40d,969.65,901.7745,Closed,,2026-03-28,2026-03-28
2025-11-04,TITAN.NS,A_breakout_40d,3780.0,3515.4,Closed,,2026-03-28,2026-03-28
2025-11-06,ASIANPAINT.NS,A_breakout_40d,2602.8999,2420.6969,Closed,,2026-03-28,2026-03-28
2025-11-06,SBIN.NS,A_breakout_40d,958.75,891.6375,Closed,,2026-03-28,2026-03-28
2025-11-10,ASIANPAINT.NS,A_breakout_40d,2650.3999,2464.8719,Closed,,2026-03-28,2026-03-28
2025-11-11,BEL.NS,A_breakout_40d,428.15,398.1795,Closed,,2026-03-28,2026-03-28
2025-11-12,ADANIPORTS.NS,A_breakout_40d,1515.0,1408.95,New,,,2026-03-28
2025-11-12,ASIANPAINT.NS,A_breakout_40d,2858.8999,2658.7769,New,,,2026-03-28
2025-11-13,ASIANPAINT.NS,A_breakout_40d,2865.1001,2664.5431,New,,,2026-03-28
2025-11-14,ASIANPAINT.NS,A_breakout_40d,2906.3999,2702.9519,New,,,2026-03-28
2025-11-17,HEROMOTOCO.NS,A_breakout_40d,5820.0,5412.6,Closed,,2026-03-28,2026-03-28
2025-11-18,AXISBANK.NS,A_breakout_40d,1268.0,1179.24,Closed,,2026-03-28,2026-03-28
2025-11-18,HEROMOTOCO.NS,A_breakout_40d,5851.0,5441.43,Closed,,2026-03-28,2026-03-28
2025-11-19,TITAN.NS,A_breakout_40d,3950.0,3673.5,Closed,,2026-03-28,2026-03-28
2025-11-20,EICHERMOT.NS,A_breakout_40d,7125.5,6626.715,Closed,,2026-03-28,2026-03-28
2025-11-20,HEROMOTOCO.NS,A_breakout_40d,5970.0,5552.1,Closed,,2026-03-28,2026-03-28
2025-11-20,RELIANCE.NS,A_breakout_40d,1541.0,1433.13,New,,,2026-03-28
2025-11-24,EICHERMOT.NS,A_breakout_40d,7258.5,6750.405,Closed,,2026-03-28,2026-03-28
2025-11-26,SIEMENS.NS,A_breakout_40d,3310.0,3078.3,New,,,2026-03-28
2025-11-27,SUNPHARMA.NS,A_breakout_40d,1810.3,1683.579,New,,,2026-03-28
2025-12-01,ADANIPORTS.NS,A_breakout_40d,1528.1,1421.133,New,,,2026-03-28
2025-12-01,TVSMOTOR.NS,A_breakout_40d,3659.8,3403.614,Closed,,2026-03-28,2026-03-28
2025-12-02,SIEMENS.NS,A_breakout_40d,3372.1001,3136.0531,New,,,2026-03-28
2025-12-05,INDUSTOWER.NS,A_breakout_40d,414.0,385.02,Closed,,2026-03-28,2026-03-28
2025-12-12,GOLDBEES.NS,A_breakout_40d,110.45,102.7185,Closed,,2026-03-28,2026-03-28
2025-12-12,VEDL.NS,A_breakout_40d,540.95,503.0835,Closed,,2026-03-28,2026-03-28
2025-12-15,GOLDBEES.NS,A_breakout_40d,109.46,101.7978,Closed,,2026-03-28,2026-03-28
2025-12-16,VEDL.NS,A_breakout_40d,580.0,539.4,Closed,,2026-03-28,2026-03-28
2025-12-17,SILVERBEES.NS,A_breakout_40d,194.79,181.1547,Closed,,2026-03-28,2026-03-28
2025-12-17,VEDL.NS,A_breakout_40d,569.7,529.821,Closed,,2026-03-28,2026-03-28
2025-12-18,SHRIRAMFIN.NS,A_breakout_40d,869.0,808.17,Closed,,2026-03-28,2026-03-28
2025-12-19,SHRIRAMFIN.NS,A_breakout_40d,919.0,854.67,Closed,,2026-03-28,2026-03-28
2025-12-22,GOLDBEES.NS,A_breakout_40d,112.52,104.6436,Closed,,2026-03-28,2026-03-28
2025-12-22,INFY.NS,A_breakout_40d,1679.0,1561.47,New,,,2026-03-28
2025-12-22,SHRIRAMFIN.NS,A_breakout_40d,938.7,872.991,Closed,,2026-03-28,2026-03-28
2025-12-22,SILVERBEES.NS,A_breakout_40d,202.0,187.86,Closed,,2026-03-28,2026-03-28
2025-12-26,SILVERBEES.NS,A_breakout_40d,235.21,218.7453,Closed,,2026-03-28,2026-03-28
2025-12-26,TITAN.NS,A_breakout_40d,4010.0,3729.3,Closed,,2026-03-28,2026-03-28
2025-12-30,BAJAJ-AUTO.NS,A_breakout_40d,9320.0,8667.6,Closed,,2026-03-28,2026-03-28
2025-12-30,HINDALCO.NS,A_breakout_40d,886.4,824.352,Closed,,2026-03-28,2026-03-28
2025-12-30,SHRIRAMFIN.NS,A_breakout_40d,983.0,914.19,Closed,,2026-03-28,2026-03-28
2025-12-31,BPCL.NS,A_breakout_40d,386.4,359.352,New,,,2026-03-28
2025-12-31,TITAN.NS,A_breakout_40d,4063.7,3779.241,Closed,,2026-03-28,2026-03-28
2026-01-01,INDUSTOWER.NS,A_breakout_40d,438.0,407.34,Closed,,2026-03-28,2026-03-28
2026-01-02,INDUSINDBK.NS,A_breakout_40d,905.0,841.65,Closed,,2026-03-28,2026-03-28
2026-01-02,INDUSTOWER.NS,A_breakout_40d,439.3,408.549,Closed,,2026-03-28,2026-03-28
2026-01-02,TVSMOTOR.NS,A_breakout_40d,3863.0,3592.59,New,,,2026-03-28
2026-01-05,NESTLEIND.NS,A_breakout_40d,1314.6,1222.578,New,,,2026-03-16
2026-01-05,SBIN.NS,A_breakout_40d,1005.55,935.1615,Closed,,2026-03-16,2026-03-16
2026-01-06,AXISBANK.NS,A_breakout_40d,1293.8,1203.234,Closed,,2026-03-16,2026-03-16
2026-01-06,BAJAJ-AUTO.NS,A_breakout_40d,9668.0,8991.24,New,,,2026-03-28
2026-01-06,HINDALCO.NS,A_breakout_40d,951.05,884.4765,Closed,,2026-03-28,2026-03-28
2026-01-06,INDUSINDBK.NS,A_breakout_40d,914.25,850.2525,New,,,2026-03-16
2026-01-07,BRITANNIA.NS,A_breakout_40d,6155.0,5724.15,New,,,2026-03-28
2026-01-07,TITAN.NS,A_breakout_40d,4273.2002,3974.0762,New,,,2026-03-16
2026-01-12,COALINDIA.NS,A_breakout_40d,432.3,402.039,Closed,,2026-03-23,2026-03-23
2026-01-12,GOLDBEES.NS,A_breakout_40d,116.76,108.5868,Closed,,2026-03-23,2026-03-23
2026-01-13,SBIN.NS,A_breakout_40d,1028.45,956.4585,Closed,,2026-03-16,2026-03-16
2026-01-14,AXISBANK.NS,A_breakout_40d,1298.8,1207.884,Closed,,2026-03-16,2026-03-16
2026-01-14,GOLDBEES.NS,A_breakout_40d,118.01,109.7493,Closed,,2026-03-23,2026-03-23
2026-01-14,INDUSINDBK.NS,A_breakout_40d,944.5,878.385,New,,,2026-03-16
2026-01-14,SILVERBEES.NS,A_breakout_40d,262.81,244.4133,Closed,,2026-03-23,2026-03-23
2026-01-14,TATASTEEL.NS,A_breakout_40d,189.25,176.0025,Closed,,2026-03-23,2026-03-23
2026-01-14,VEDL.NS,A_breakout_40d,675.75,628.4475,Closed,,2026-03-23,2026-03-23
2026-01-16,INDUSINDBK.NS,A_breakout_40d,953.85,887.0805,New,,,2026-03-16
2026-01-16,INFY.NS,A_breakout_40d,1689.8,1571.514,New,,,2026-03-16
2026-01-16,SBIN.NS,A_breakout_40d,1042.3,969.339,Closed,,2026-03-16,2026-03-16
2026-01-16,TECHM.NS,A_breakout_40d,1670.5,1553.565,New,,,2026-03-16
2026-01-16,VEDL.NS,A_breakout_40d,682.7,634.911,Closed,,2026-03-23,2026-03-23
2026-01-19,AXISBANK.NS,A_breakout_40d,1307.5,1215.975,Closed,,2026-03-16,2026-03-16
2026-01-19,GOLDBEES.NS,A_breakout_40d,121.1,112.623,Closed,,2026-03-23,2026-03-23
2026-01-19,TECHM.NS,A_breakout_40d,1718.3,1598.019,New,,,2026-03-16
2026-01-20,GOLDBEES.NS,A_breakout_40d,125.86,117.0498,Closed,,2026-03-23,2026-03-23
2026-01-20,SILVERBEES.NS,A_breakout_40d,297.62,276.7866,Closed,,2026-03-23,2026-03-23
2026-01-21,GOLDBEES.NS,A_breakout_40d,134.97,125.5221,Closed,,2026-03-23,2026-03-23
2026-01-22,DABUR.NS,A_breakout_40d,525.35,488.5755,New,,,2026-03-23
2026-01-22,SBIN.NS,A_breakout_40d,1048.35,974.9655,Closed,,2026-03-16,2026-03-16
2026-01-27,AXISBANK.NS,A_breakout_40d,1315.8,1223.694,Closed,,2026-03-16,2026-03-16
2026-01-27,HINDALCO.NS,A_breakout_40d,961.85,894.5205,Closed,,2026-03-23,2026-03-23
2026-01-27,JSWSTEEL.NS,A_breakout_40d,1222.0,1136.46,New,,,2026-03-16
2026-01-27,SBIN.NS,A_breakout_40d,1053.15,979.4295,Closed,,2026-03-16,2026-03-16
2026-01-27,SILVERBEES.NS,A_breakout_40d,317.85,295.6005,Closed,,2026-03-23,2026-03-23
2026-01-28,AXISBANK.NS,A_breakout_40d,1319.8,1227.414,Closed,,2026-03-16,2026-03-16
2026-01-28,BEL.NS,A_breakout_40d,453.0,421.29,New,,,2026-03-28
2026-01-28,COALINDIA.NS,A_breakout_40d,444.05,412.9665,New,,,2026-03-23
2026-01-28,GOLDBEES.NS,A_breakout_40d,135.82,126.3126,Closed,,2026-03-23,2026-03-23
2026-01-28,HINDALCO.NS,A_breakout_40d,998.2,928.326,New,,,2026-03-23
2026-01-28,VEDL.NS,A_breakout_40d,737.1,685.503,New,,,2026-03-23
2026-01-29,AXISBANK.NS,A_breakout_40d,1363.7,1268.241,New,,,2026-03-16
2026-01-29,COALINDIA.NS,A_breakout_40d,455.75,423.8475,New,,,2026-03-23
2026-01-29,GOLDBEES.NS,A_breakout_40d,146.53,136.2729,New,,,2026-03-23
2026-01-29,HINDALCO.NS,A_breakout_40d,1024.05,952.3665,New,,,2026-03-23
2026-01-29,JSWSTEEL.NS,A_breakout_40d,1237.5,1150.875,New,,,2026-03-16
2026-01-29,SBIN.NS,A_breakout_40d,1066.2,991.566,Closed,,2026-03-16,2026-03-16
2026-01-29,TATASTEEL.NS,A_breakout_40d,202.32,188.1576,Closed,,2026-03-23,2026-03-23
2026-01-29,VEDL.NS,A_breakout_40d,766.35,712.7055,New,,,2026-03-23
2026-01-30,AXISBANK.NS,A_breakout_40d,1370.4,1274.472,New,,,2026-03-16
2026-01-30,NESTLEIND.NS,A_breakout_40d,1332.4,1239.132,New,,,2026-03-16
2026-02-03,ADANIPORTS.NS,A_breakout_40d,1530.8,1423.644,New,,,2026-03-16
2026-02-04,ADANIPORTS.NS,A_breakout_40d,1567.9,1458.147,New,,,2026-03-16
2026-02-04,ADANIPOWER.NS,A_breakout_40d,155.29,144.4197,New,,,2026-03-23
2026-02-04,IOC.NS,A_breakout_40d,172.78,160.6854,Closed,,2026-03-23,2026-03-23
2026-02-05,IOC.NS,A_breakout_40d,175.77,163.4661,Closed,,2026-03-23,2026-03-23
2026-02-09,SBIN.NS,A_breakout_40d,1146.0,1065.78,Closed,,2026-03-16,2026-03-16
2026-02-10,INDUSTOWER.NS,A_breakout_40d,459.15,427.0095,New,,,2026-03-23
2026-02-10,TATASTEEL.NS,A_breakout_40d,208.01,193.4493,New,,,2026-03-23
2026-02-11,EICHERMOT.NS,A_breakout_40d,7771.0,7227.03,New,,,2026-03-23
2026-02-11,IOC.NS,A_breakout_40d,181.31,168.6183,New,,,2026-03-23
2026-02-11,SBIN.NS,A_breakout_40d,1182.9,1100.097,New,,,2026-03-16
2026-02-12,EICHERMOT.NS,A_breakout_40d,7943.0,7386.99,New,,,2026-03-23
2026-02-12,SBIN.NS,A_breakout_40d,1192.4,1108.932,New,,,2026-03-16
2026-02-13,BAJFINANCE.NS,A_breakout_40d,1024.75,953.0175,New,,,2026-03-16
2026-02-13,EICHERMOT.NS,A_breakout_40d,8065.0,7500.45,New,,,2026-03-23
2026-02-20,NTPC.NS,A_breakout_40d,372.95,346.8435,New,,,2026-03-16
2026-02-24,NTPC.NS,A_breakout_40d,382.75,355.9575,New,,,2026-03-16
2026-02-25,JSWSTEEL.NS,A_breakout_40d,1275.0,1185.75,New,,,2026-03-16
2026-02-26,INDUSINDBK.NS,A_breakout_40d,964.6,897.078,New,,,2026-03-16
2026-03-02,BEL.NS,A_breakout_40d,453.95,422.1735,New,,,2026-03-28
2026-03-02,ONGC.NS,A_breakout_40d,282.2,262.446,New,,,2026-03-23
2026-03-05,BEL.NS,A_breakout_40d,460.0,427.8,New,,,2026-03-28
2026-03-06,BEL.NS,A_breakout_40d,468.45,435.6585,New,,,2026-03-28
2026-03-06,SUNPHARMA.NS,A_breakout_40d,1799.4,1673.442,New,,,2026-03-16
2026-03-09,SUNPHARMA.NS,A_breakout_40d,1807.4,1680.882,New,,,2026-03-16
2026-03-12,COALINDIA.NS,A_breakout_40d,470.1,437.193,New,,,2026-03-23
2026-03-12,NTPC.NS,A_breakout_40d,390.55,363.2115,New,,,2026-03-16
2026-03-17,ADANIPOWER.NS,A_breakout_40d,155.6,144.708,New,,,2026-03-23
