signal_date,ticker,pattern,close,sma50,sma200,prev_high_close,volume,vol_avg20,entry_price,entry_band_low,entry_band_high,stop_pct,stop_price,pattern_family,score_trend,score_setup,score_volume,score_rsi,score_risk,signal_score,consensus_count
2024-10-23,TECHM.NS,A_breakout_40d,1735.95,1628.91,1409.2188,1701.2,4198781,2743898.6,1735.05,1717.6995,1752.4005,7.0,1613.5965,A,100.0,66.3,70.6,64.8,58.0,74.8,1
2024-10-29,GOLDBEES.NS,A_breakout_40d,66.3,62.6276,59.196,66.16,17930130,11854057.5,67.0,66.33,67.67,7.0,62.31,A,79.0,51.7,70.3,72.9,58.0,65.2,1
2024-10-29,SBIN.NS,A_breakout_40d,832.7,800.211,783.9765,824.8,28274791,13785025.2,828.0,819.72,836.28,7.0,770.04,A,60.4,57.7,81.0,61.5,58.0,63.1,1
2024-11-05,SBIN.NS,A_breakout_40d,849.2,801.338,789.0095,832.7,26254561,13265964.95,849.2,840.708,857.692,7.0,789.756,A,57.8,65.9,79.6,65.0,58.0,64.6,1
2024-11-06,BEL.NS,A_breakout_40d,301.85,285.466,259.8355,293.45,52804364,19352074.0,301.0,297.99,304.01,7.0,279.93,A,99.3,72.9,94.6,63.3,58.0,81.0,1
2024-11-07,APOLLOHOSP.NS,A_breakout_40d,7424.8501,6998.982,6461.995,7234.0,2502817,316418.35,7390.0498,7316.1493,7463.9503,7.0,6872.7463,A,91.5,71.1,100.0,72.5,58.0,79.8,1
2024-11-25,HDFCBANK.NS,A_breakout_40d,892.8,857.7245,793.4229,891.725,427737274,48267162.8,905.0,895.95,914.05,7.0,841.65,A,90.5,51.0,100.0,61.8,58.0,73.3,1
2024-11-25,TCS.NS,A_breakout_40d,4315.1001,4188.142,4095.3305,4308.7002,4052167,2175558.35,4321.0498,4277.8393,4364.2603,7.0,4018.5763,A,61.3,51.2,77.3,63.8,58.0,61.0,1
2024-11-25,WIPRO.NS,A_breakout_40d,291.225,273.8325,254.8589,286.75,23297474,13368741.9,292.5,289.575,295.425,7.0,272.025,A,87.2,62.5,74.9,63.3,58.0,70.9,1
2024-11-27,BEL.NS,A_breakout_40d,307.35,284.702,266.4433,301.85,39464505,23925978.65,308.0,304.92,311.08,7.0,286.44,A,84.3,64.6,73.0,64.5,58.0,70.4,1
2024-12-03,LT.NS,A_breakout_40d,3787.05,3588.836,3585.796,3753.0,3252670,1775122.6,3775.0,3737.25,3812.75,7.0,3510.75,A,50.4,57.3,76.6,63.3,58.0,59.5,1
2024-12-03,ULTRACEMCO.NS,A_breakout_40d,11852.3496,11265.8969,10752.4463,11648.5498,501811,310118.25,11866.2002,11747.5382,11984.8622,7.0,11035.5662,A,73.9,64.0,72.4,65.3,58.0,67.2,1
2024-12-04,BEL.NS,A_breakout_40d,312.85,287.462,269.6123,312.1,41441172,24686396.4,314.0,310.86,317.14,7.0,292.02,A,83.1,51.9,73.6,66.5,58.0,66.7,1
2024-12-04,PIDILITIND.NS,A_breakout_40d,1602.375,1570.5015,1525.6002,1592.625,847642,500073.3,1610.0,1593.9,1626.1,7.0,1497.3,A,64.7,54.9,73.9,63.4,58.0,62.3,1
2024-12-05,ETERNAL.NS,A_breakout_40d,299.35,270.5164,220.1432,286.25,102148500,58319880.5,300.0,297.0,303.0,7.0,279.0,A,100.0,86.6,75.0,68.4,58.0,81.5,1
2024-12-05,ICICIBANK.NS,A_breakout_40d,1336.5,1275.806,1181.3335,1331.85,19210697,12706740.8,1342.5,1329.075,1355.925,7.0,1248.525,A,90.0,52.8,70.2,66.3,58.0,68.2,1
2024-12-05,MAXHEALTH.NS,A_breakout_40d,1096.9,988.745,887.1495,1079.9,3906338,2078916.45,1098.55,1087.5645,1109.5355,7.0,1021.6515,A,100.0,62.6,77.6,67.4,58.0,75.2,1
2024-12-05,TCS.NS,A_breakout_40d,4464.0498,4175.021,4106.3165,4354.3999,3746747,2431644.5,4453.0,4408.47,4497.53,7.0,4141.29,A,58.4,70.1,70.8,69.0,58.0,64.5,1
2024-12-06,VEDL.NS,A_breakout_40d,501.4,472.047,417.6322,499.15,25827648,9234186.0,499.95,494.9505,504.9495,7.0,464.9535,A,100.0,53.6,95.9,72.2,58.0,76.4,1
2024-12-11,MAXHEALTH.NS,A_breakout_40d,1132.2,997.747,891.92,1117.15,4400116,2199349.35,1132.0,1120.68,1143.32,7.0,1052.76,A,100.0,60.8,80.0,71.8,58.0,75.4,1
2024-12-11,VEDL.NS,A_breakout_40d,514.35,472.388,421.1185,501.4,32419915,10115464.35,519.0,513.81,524.19,7.0,482.67,A,100.0,70.7,100.0,74.2,58.0,82.1,1
2024-12-12,MAXHEALTH.NS,A_breakout_40d,1167.7,1001.386,893.5447,1132.2,3466683,2253253.65,1172.1,1160.379,1183.821,7.0,1090.053,A,100.0,75.1,70.8,75.8,58.0,77.9,1
2024-12-12,TECHM.NS,A_breakout_40d,1789.6,1695.175,1477.6918,1786.95,3018243,1886301.0,1781.0,1763.19,1798.81,7.0,1656.33,A,100.0,51.2,72.0,62.6,58.0,70.7,1
2024-12-12,VEDL.NS,A_breakout_40d,522.0,472.575,422.3777,514.35,20273326,10708032.25,520.5,515.295,525.705,7.0,484.065,A,100.0,61.9,77.9,76.2,58.0,75.5,1
2024-12-24,INDIGO.NS,A_breakout_40d,4612.25,4298.425,4221.1203,4489.4502,1570584,688023.35,4652.9502,4606.4207,4699.4797,7.0,4327.2437,A,59.2,71.9,85.7,69.2,58.0,68.0,1
2024-12-26,INDIGO.NS,A_breakout_40d,4725.0,4299.346,4228.9585,4612.25,1316409,733687.1,4725.0,4677.75,4772.25,7.0,4394.25,A,58.3,69.6,75.9,74.0,58.0,65.5,1
2024-12-30,SUNPHARMA.NS,A_breakout_40d,1883.9,1818.086,1689.556,1861.25,6021550,1935569.65,1876.8,1858.032,1895.568,7.0,1745.424,A,88.0,59.7,100.0,67.4,58.0,75.3,1
2025-01-02,EICHERMOT.NS,A_breakout_40d,5308.1001,4835.109,4697.7865,5002.3501,2863478,476298.4,5325.0,5271.75,5378.25,7.0,4952.25,A,64.6,98.9,100.0,75.5,58.0,80.2,1
2025-01-02,ITC.NS,A_breakout_40d,470.9137,457.612,447.8331,466.6287,27131131,15962435.45,472.0692,467.3485,476.7899,7.0,439.0243,A,60.9,57.3,74.0,65.4,58.0,62.0,1
2025-01-02,M&M.NS,A_breakout_40d,3211.1001,2949.97,2689.5708,3084.8501,4298090,2643603.75,3215.0,3182.85,3247.15,7.0,2989.95,A,98.4,82.7,72.5,66.7,58.0,79.4,1
2025-01-03,EICHERMOT.NS,A_breakout_40d,5310.75,4846.143,4705.2865,5308.1001,836689,491835.0,5310.75,5257.6425,5363.8575,7.0,4938.9975,A,65.0,50.4,74.0,75.5,58.0,61.7,1
2025-01-06,APOLLOHOSP.NS,A_breakout_40d,7429.1499,7120.258,6622.842,7424.8501,527272,279042.45,7466.25,7391.5875,7540.9125,7.0,6943.6125,A,87.6,50.5,77.8,61.3,58.0,68.1,1
2025-01-10,GOLDBEES.NS,A_breakout_40d,65.93,64.4906,61.9684,65.49,12772160,7613957.6,65.71,65.0529,66.3671,7.0,61.1103,A,70.4,55.4,73.5,64.1,58.0,64.0,1
2025-01-10,HCLTECH.NS,A_breakout_40d,1995.1,1890.653,1659.924,1972.2,4802079,2525381.7,1994.9,1974.951,2014.849,7.0,1855.257,A,100.0,59.3,78.0,63.2,58.0,74.2,1
2025-01-13,GOLDBEES.NS,A_breakout_40d,66.25,64.4752,62.0211,65.93,31223058,8680366.9,66.28,65.6172,66.9428,7.0,61.6404,A,69.8,53.9,100.0,66.3,58.0,68.5,1
2025-01-23,WIPRO.NS,A_breakout_40d,317.7,297.4645,264.7159,312.75,39904371,13981541.55,319.0,315.81,322.19,7.0,296.67,A,100.0,62.7,97.1,64.0,58.0,78.8,1
2025-01-28,BAJFINANCE.NS,A_breakout_40d,760.66,702.1756,701.516,744.325,24789330,10958406.0,765.725,758.0677,773.3822,7.0,712.1242,A,50.5,67.6,85.2,62.6,58.0,64.0,1
2025-01-30,BAJFINANCE.NS,A_breakout_40d,790.165,707.1717,702.1347,775.965,56488830,12745121.5,792.5,784.575,800.425,7.0,737.025,A,53.6,64.6,100.0,69.1,58.0,67.2,1
2025-02-03,BAJFINANCE.NS,A_breakout_40d,842.58,716.1237,703.6602,800.01,43369260,14410825.5,842.5,834.075,850.925,7.0,783.525,A,58.9,92.6,100.0,77.4,58.0,76.9,1
2025-02-03,EICHERMOT.NS,A_breakout_40d,5485.25,4977.81,4830.7585,5390.1499,1330533,461266.6,5536.5498,5481.1843,5591.9153,7.0,5148.9913,A,65.2,64.1,97.7,71.2,58.0,69.9,1
2025-02-05,GOLDBEES.NS,A_breakout_40d,71.57,65.6974,62.8015,70.08,25721670,13789755.95,71.72,71.0028,72.4372,7.0,66.6996,A,73.1,67.0,77.3,86.2,58.0,69.8,1
2025-02-05,SILVERBEES.NS,A_breakout_40d,93.03,87.4334,86.1888,91.27,10392689,5871149.0,92.64,91.7136,93.5664,7.0,86.1552,A,57.2,65.4,75.4,69.4,58.0,63.7,1
2025-02-10,GOLDBEES.NS,A_breakout_40d,72.52,66.1654,62.9653,71.57,31547440,14993167.35,73.45,72.7155,74.1845,7.0,68.3085,A,75.4,60.6,82.1,86.9,58.0,69.6,1
2025-02-11,BHARTIARTL.NS,A_breakout_40d,1696.75,1617.6,1536.9208,1693.05,8965266,5586409.25,1704.0,1686.96,1721.04,7.0,1584.72,A,76.2,51.7,72.1,62.8,58.0,64.3,1
2025-02-13,BAJAJFINSV.NS,A_breakout_40d,1849.25,1694.272,1681.7842,1813.25,4070038,2059635.2,1853.5,1834.965,1872.035,7.0,1723.755,A,53.7,65.9,79.5,64.2,58.0,63.4,1
2025-02-13,KOTAKBANK.NS,A_breakout_40d,394.56,366.3274,357.3331,392.03,63391865,22217711.25,394.8,390.852,398.748,7.0,367.164,A,62.6,55.2,97.1,63.9,58.0,66.2,1
2025-02-14,SHREECEM.NS,A_breakout_40d,28556.0508,26695.783,26078.5317,28402.0996,64359,35667.05,28490.0,28205.1,28774.9,7.0,26495.7,A,61.8,54.3,76.1,65.8,58.0,61.9,1
2025-02-14,SILVERBEES.NS,A_breakout_40d,94.71,88.1798,86.6517,93.03,10813160,5687326.35,93.99,93.0501,94.9299,7.0,87.4107,A,58.8,64.4,78.0,67.9,58.0,64.3,1
2025-02-27,BAJAJFINSV.NS,A_breakout_40d,1925.55,1734.183,1694.3797,1894.85,2878330,1914434.5,1911.05,1891.9395,1930.1605,7.0,1777.2765,A,61.7,63.0,70.1,67.9,58.0,63.2,1
2025-03-19,JSWSTEEL.NS,A_breakout_40d,1033.35,956.058,948.9912,1018.65,2652155,1620919.2,1038.0,1027.62,1048.38,7.0,965.34,A,53.7,61.5,72.7,68.0,58.0,61.1,1
2025-03-21,BAJFINANCE.NS,A_breakout_40d,891.61,812.6989,729.5357,873.16,27448010,11067538.0,909.595,900.499,918.6909,7.0,845.9233,A,100.0,66.9,89.6,68.3,58.0,78.8,1
2025-03-21,BHARTIARTL.NS,A_breakout_40d,1725.8,1641.442,1578.156,1717.05,14715349,6870999.9,1740.0,1722.6,1757.4,7.0,1618.2,A,70.1,54.1,82.8,65.0,58.0,65.3,1
2025-03-21,JSWSTEEL.NS,A_breakout_40d,1058.7,962.372,950.7502,1050.25,2630144,1698421.75,1063.0,1052.37,1073.63,7.0,988.59,A,56.1,56.4,71.0,73.4,58.0,60.3,1
2025-03-21,KOTAKBANK.NS,A_breakout_40d,415.8,383.941,364.5661,407.13,94254040,22580861.5,420.0,415.8,424.2,7.0,390.6,A,76.6,67.0,100.0,73.5,58.0,74.5,1
2025-03-21,SHREECEM.NS,A_breakout_40d,28987.4004,27316.74,26373.0292,28655.1504,63982,32303.55,29050.0,28759.5,29340.5,7.0,27016.5,A,67.9,59.3,79.6,64.6,58.0,65.6,1
2025-03-24,KOTAKBANK.NS,A_breakout_40d,435.23,385.6208,365.0241,415.8,42541755,23526856.25,435.98,431.6202,440.3398,7.0,405.4614,A,78.2,87.4,76.2,80.9,58.0,76.5,1
2025-03-25,BAJAJFINSV.NS,A_breakout_40d,1945.05,1808.41,1718.2392,1925.55,3512725,2140871.75,1951.0,1931.49,1970.51,7.0,1814.43,A,76.2,58.1,72.8,65.0,58.0,66.3,1
2025-03-25,HDFCBANK.NS,A_breakout_40d,910.725,849.793,849.3523,900.0,39101416,22810869.0,912.5,903.375,921.625,7.0,848.625,A,50.3,59.5,74.3,74.9,58.0,60.2,1
2025-03-25,SHREECEM.NS,A_breakout_40d,29544.0508,27484.218,26412.3762,29442.6504,79264,35385.35,29555.0996,29259.5486,29850.6506,7.0,27486.2426,A,70.3,52.8,84.8,69.4,58.0,65.6,1
2025-03-27,BAJAJFINSV.NS,A_breakout_40d,2005.75,1819.69,1722.3175,1945.05,4506778,2363319.6,1995.75,1975.7925,2015.7075,7.0,1856.0475,A,78.3,75.0,78.1,70.5,58.0,72.9,1
2025-03-27,HDFCBANK.NS,A_breakout_40d,912.675,853.2155,850.5954,910.725,41658100,23876078.4,914.5,905.355,923.645,7.0,850.485,A,51.5,51.7,74.9,72.2,58.0,58.3,1
2025-03-27,SHREECEM.NS,A_breakout_40d,30146.4492,27677.273,26446.178,29931.0996,71437,38043.8,30700.0,30393.0,31007.0,7.0,28551.0,A,73.3,55.8,77.6,73.9,58.0,66.2,1
2025-03-28,SHREECEM.NS,A_breakout_40d,30502.9492,27778.983,26463.3735,30146.4492,58593,38309.3,30546.1504,30240.6889,30851.6119,7.0,28407.9199,A,74.9,59.5,70.6,76.2,58.0,66.4,1
2025-04-01,GOLDBEES.NS,A_breakout_40d,76.72,71.4528,64.8834,74.49,40720281,15682221.8,77.48,76.7052,78.2548,7.0,72.0564,A,100.0,73.9,91.9,75.8,58.0,81.6,1
2025-04-11,GOLDBEES.NS,A_breakout_40d,77.9,72.5676,65.3933,76.72,41882099,23364510.5,78.5,77.715,79.285,7.0,73.005,A,100.0,62.3,75.9,69.3,58.0,74.9,1
2025-04-15,HDFCBANK.NS,A_breakout_40d,932.45,867.4945,854.7641,914.1,49298344,25780950.4,941.9,932.481,951.319,7.0,875.967,A,57.4,66.1,78.2,65.8,58.0,64.3,1
2025-04-16,EICHERMOT.NS,A_breakout_40d,5615.5,5142.221,4933.818,5529.0,734279,403249.5,5615.5,5559.345,5671.655,7.0,5222.415,A,71.1,62.5,76.4,66.9,58.0,66.9,1
2025-04-22,HDFCBANK.NS,A_breakout_40d,980.85,876.6375,856.9813,963.55,45961750,30037981.9,989.45,979.5555,999.3445,7.0,920.1885,A,61.5,64.4,70.6,75.0,58.0,64.0,1
2025-04-24,DIVISLAB.NS,A_breakout_40d,6215.5,5743.426,5568.2418,5978.2998,2081063,556716.5,6240.0,6177.6,6302.4,7.0,5803.2,A,65.7,81.7,100.0,66.1,58.0,75.2,1
2025-05-12,BEL.NS,A_breakout_40d,322.8,289.0382,288.9218,317.1,39927141,21651089.95,323.7,320.463,326.937,7.0,301.041,A,50.2,64.4,76.9,66.1,58.0,61.6,1
2025-05-13,BEL.NS,A_breakout_40d,335.75,290.6312,289.0391,322.8,57985762,23980882.25,339.0,335.61,342.39,7.0,315.27,A,52.8,82.1,88.4,71.9,58.0,69.7,1
2025-05-14,BEL.NS,A_breakout_40d,344.35,292.3912,289.2536,335.75,43684324,25470942.95,346.5,343.035,349.965,7.0,322.245,A,55.4,70.5,74.3,74.9,58.0,64.7,1
2025-05-15,MAXHEALTH.NS,A_breakout_40d,1186.5,1085.054,1027.0165,1176.6,3798282,2306056.75,1195.7,1183.743,1207.657,7.0,1112.001,A,78.3,56.7,72.9,62.1,58.0,66.4,1
2025-05-15,SHREECEM.NS,A_breakout_40d,31400.0,29502.432,26846.906,31155.0,172193,38978.45,31400.0,31086.0,31714.0,7.0,29202.0,A,99.5,56.3,100.0,65.8,58.0,77.5,1
2025-05-16,BEL.NS,A_breakout_40d,363.9,296.4952,289.8173,350.4,68855818,29112124.85,372.9,369.171,376.629,7.0,346.797,A,61.5,80.8,87.3,80.4,58.0,72.1,1
2025-05-19,DIVISLAB.NS,A_breakout_40d,6580.0,5825.674,5692.6945,6279.5,2712326,757448.6,6580.0,6514.2,6645.8,7.0,6119.4,A,61.7,88.3,100.0,70.6,58.0,76.1,1
2025-05-21,BEL.NS,A_breakout_40d,383.0,303.3392,290.6233,363.9,88688170,37519329.1,383.0,379.17,386.83,7.0,356.19,A,71.9,92.0,87.3,84.5,58.0,78.3,1
2025-05-23,HDFCLIFE.NS,A_breakout_40d,780.4,700.359,679.4513,759.7,4511523,2680207.5,784.3,776.457,792.143,7.0,729.399,A,65.4,71.8,73.7,73.1,58.0,67.7,1
2025-05-26,DIVISLAB.NS,A_breakout_40d,6737.0,5926.485,5733.1643,6580.0,1467231,652960.9,6725.0,6657.75,6792.25,7.0,6254.25,A,66.9,69.1,84.9,69.7,58.0,69.3,1
2025-05-28,HDFCLIFE.NS,A_breakout_40d,789.45,709.503,680.688,780.4,4163057,2768945.95,788.0,780.12,795.88,7.0,732.84,A,71.2,59.3,70.1,73.6,58.0,65.1,1
2025-06-03,SILVERBEES.NS,A_breakout_40d,97.16,93.3746,89.5016,96.85,21222360,7848822.5,98.0,97.02,98.98,7.0,91.14,A,71.6,52.6,94.1,64.2,58.0,67.5,1
2025-06-05,SILVERBEES.NS,A_breakout_40d,100.72,93.506,89.701,98.1,13429315,8227912.4,102.77,101.7423,103.7977,7.0,95.5761,A,71.2,71.4,72.6,72.9,58.0,69.0,1
2025-06-06,BAJFINANCE.NS,A_breakout_40d,937.15,902.2067,781.3274,932.3,19783860,8568683.0,955.0,945.45,964.55,7.0,888.15,A,100.0,54.2,86.2,59.4,58.0,74.1,1
2025-06-06,SILVERBEES.NS,A_breakout_40d,102.41,93.6706,89.813,100.72,16301468,8769802.65,102.41,101.3859,103.4341,7.0,95.2413,A,71.5,63.4,77.2,75.9,58.0,67.8,1
2025-06-09,BAJFINANCE.NS,A_breakout_40d,960.75,903.2416,782.823,937.15,23496010,9211572.5,970.0,960.3,979.7,7.0,902.1,A,100.0,70.1,91.0,64.8,58.0,79.8,1
2025-06-09,SILVERBEES.NS,A_breakout_40d,102.99,93.8468,89.918,102.41,18318181,9194774.5,103.11,102.0789,104.1411,7.0,95.8923,A,71.8,54.5,79.8,76.9,58.0,66.0,1
2025-06-11,BPCL.NS,A_breakout_40d,333.85,306.4296,300.9295,322.95,21739121,6344666.75,330.5,327.195,333.805,7.0,307.365,A,59.1,77.0,100.0,67.0,58.0,72.1,1
2025-06-12,MAXHEALTH.NS,A_breakout_40d,1202.2,1132.931,1054.154,1194.6,3523948,1711033.25,1196.4,1184.436,1208.364,7.0,1112.652,A,87.4,55.1,81.2,60.7,58.0,69.9,1
2025-06-13,GOLDBEES.NS,A_breakout_40d,83.13,79.2518,69.5224,82.9,27039436,16146593.6,84.2,83.358,85.042,7.0,78.306,A,100.0,52.2,73.5,66.5,58.0,71.5,1
2025-06-13,MAXHEALTH.NS,A_breakout_40d,1232.8,1135.648,1056.0532,1202.2,2935076,1811164.45,1245.2,1232.748,1257.652,7.0,1158.036,A,87.7,70.4,72.4,65.5,58.0,72.9,1
2025-06-18,SILVERBEES.NS,A_breakout_40d,106.23,94.9616,90.6345,104.19,16547298,10763294.5,105.75,104.6925,106.8075,7.0,98.3475,A,73.9,65.7,70.7,76.6,58.0,67.9,1
2025-06-20,BEL.NS,A_breakout_40d,408.25,349.999,300.6106,403.85,122552435,26381211.2,411.0,406.89,415.11,7.0,382.23,A,100.0,58.7,100.0,72.8,58.0,78.7,1
2025-06-20,BHARTIARTL.NS,A_breakout_40d,1936.7,1845.953,1689.374,1901.0,16228526,6719203.85,1930.0,1910.7,1949.3,7.0,1794.9,A,96.3,65.0,88.3,69.1,58.0,77.0,1
2025-06-20,M&M.NS,A_breakout_40d,3184.3999,2971.872,2925.935,3144.3,8315834,2530513.9,3163.6001,3131.9641,3195.2361,7.0,2942.1481,A,57.8,60.2,100.0,64.7,58.0,66.9,1
2025-06-20,RELIANCE.NS,A_breakout_40d,1466.2,1388.484,1323.6823,1456.4,29010635,10373457.85,1453.0,1438.47,1467.53,7.0,1351.29,A,74.5,55.4,95.9,64.0,58.0,69.4,1
2025-06-23,BEL.NS,A_breakout_40d,420.9,352.788,301.2306,408.25,43017721,27195951.85,426.4,422.136,430.664,7.0,396.552,A,100.0,74.8,71.6,77.6,58.0,78.0,1
2025-06-25,TITAN.NS,A_breakout_40d,3652.2,3477.304,3383.5425,3636.8,2697912,926148.5,3655.0,3618.45,3691.55,7.0,3399.15,A,63.9,53.4,98.3,66.0,58.0,66.4,1
2025-06-26,BRITANNIA.NS,A_breakout_40d,5828.0,5515.114,5292.6672,5708.0,456290,284509.0,5849.0,5790.51,5907.49,7.0,5439.57,A,71.0,66.8,72.1,71.9,58.0,67.5,1
2025-06-26,HDFCBANK.NS,A_breakout_40d,1010.9,967.808,891.6375,990.1,50084830,20299799.0,1006.5,996.435,1016.565,7.0,936.045,A,92.7,66.8,89.3,68.0,58.0,76.6,1
2025-06-26,HDFCLIFE.NS,A_breakout_40d,799.45,749.961,685.6705,789.45,4290163,2476567.7,801.0,792.99,809.01,7.0,744.93,A,96.9,60.1,74.6,67.6,58.0,73.1,1
2025-06-26,MAXHEALTH.NS,A_breakout_40d,1266.5,1156.714,1071.532,1246.8,4025154,2001029.85,1270.0,1257.3,1282.7,7.0,1181.1,A,89.7,62.6,80.2,63.3,58.0,72.7,1
2025-06-26,SHRIRAMFIN.NS,A_breakout_40d,703.2,659.333,626.9399,700.4,19068571,6709480.5,703.05,696.0195,710.0805,7.0,653.8365,A,75.8,53.2,96.8,62.5,58.0,69.3,1
2025-06-26,TITAN.NS,A_breakout_40d,3694.7,3485.73,3383.4018,3652.2,1620497,981518.6,3700.0,3663.0,3737.0,7.0,3441.0,A,65.1,59.3,73.0,68.8,58.0,63.8,1
2025-06-26,ULTRACEMCO.NS,A_breakout_40d,11951.0,11594.88,11350.1322,11929.0,506580,308838.7,11980.0,11860.2,12099.8,7.0,11141.4,A,60.8,51.5,72.8,67.2,58.0,60.2,1
2025-06-27,AMBUJACEM.NS,A_breakout_40d,574.95,552.962,547.8895,570.9,3563465,2301870.3,575.05,569.2995,580.8005,7.0,534.7965,A,54.6,55.7,71.0,64.3,58.0,59.2,1
2025-06-27,HDFCLIFE.NS,A_breakout_40d,806.95,751.779,686.0133,799.45,17236651,3179195.95,809.0,800.91,817.09,7.0,752.37,A,97.9,57.5,100.0,70.0,58.0,77.6,1
2025-06-27,ICICIBANK.NS,A_breakout_40d,1462.2,1432.694,1313.9447,1460.6,22532899,9951025.0,1461.8,1447.182,1476.418,7.0,1359.474,A,95.2,50.9,85.3,61.9,58.0,71.8,1
2025-06-27,INDIGO.NS,A_breakout_40d,5816.0,5435.72,4743.5865,5695.0,2751255,1267969.0,5840.0,5781.6,5898.4,7.0,5431.2,A,100.0,67.0,83.4,66.2,58.0,77.5,1
2025-06-27,MAXHEALTH.NS,A_breakout_40d,1279.3,1160.75,1073.4357,1266.5,9937898,2332815.2,1284.5,1271.655,1297.345,7.0,1194.585,A,90.7,58.1,100.0,64.9,58.0,75.5,1
2025-06-27,TVSMOTOR.NS,A_breakout_40d,2939.3,2772.184,2564.7405,2928.8999,2231250,822016.1,2948.0,2918.52,2977.48,7.0,2741.64,A,90.4,52.8,94.3,69.3,58.0,73.1,1
2025-06-27,ULTRACEMCO.NS,A_breakout_40d,12213.0,11604.58,11354.033,11951.0,501287,314194.0,12215.0,12092.85,12337.15,7.0,11359.95,A,61.0,67.5,71.9,72.5,58.0,64.9,1
2025-06-30,DIVISLAB.NS,A_breakout_40d,6809.5,6406.66,5946.232,6737.0,599664,390899.7,6828.5,6760.215,6896.785,7.0,6350.505,A,88.7,58.6,70.7,64.6,58.0,69.5,1
2025-06-30,INDIGO.NS,A_breakout_40d,5976.5,5447.93,4749.4265,5816.0,2392470,1328948.55,5962.5,5902.875,6022.125,7.0,5545.125,A,100.0,72.1,76.0,70.7,58.0,77.8,1
2025-06-30,SBIN.NS,A_breakout_40d,820.35,799.518,787.6493,820.05,19652607,11897253.8,820.0,811.8,828.2,7.0,762.6,A,57.5,50.3,73.0,62.7,58.0,58.8,1
2025-07-01,APOLLOHOSP.NS,A_breakout_40d,7496.0,6999.86,6896.4962,7308.5,1872535,482613.15,7470.0,7395.3,7544.7,7.0,6947.1,A,57.5,70.5,100.0,71.5,58.0,70.0,1
2025-07-02,AMBUJACEM.NS,A_breakout_40d,594.2,553.468,547.248,580.25,3821770,2424398.1,596.45,590.4855,602.4145,7.0,554.6985,A,55.7,69.2,71.5,72.1,58.0,63.8,1
2025-07-02,JSWSTEEL.NS,A_breakout_40d,1059.9,1004.488,980.76,1038.3,3166924,2069828.45,1065.0,1054.35,1075.65,7.0,990.45,A,62.1,66.6,70.6,65.8,58.0,64.4,1
2025-07-02,TATASTEEL.NS,A_breakout_40d,165.88,153.7228,146.7857,163.12,63315210,24278147.45,166.0,164.34,167.66,7.0,154.38,A,73.6,63.5,92.2,69.8,58.0,71.0,1
2025-07-03,APOLLOHOSP.NS,A_breakout_40d,7565.0,7015.37,6901.716,7496.0,894597,516978.0,7593.0,7517.07,7668.93,7.0,7061.49,A,58.2,57.4,74.6,71.4,58.0,61.7,1
2025-07-03,TATASTEEL.NS,A_breakout_40d,165.91,154.2178,146.8565,165.88,60571824,26121313.45,165.91,164.2509,167.5691,7.0,154.2963,A,75.1,50.1,86.4,69.8,58.0,66.6,1
2025-07-04,BPCL.NS,A_breakout_40d,346.2,317.519,298.5405,333.85,13743465,9003228.0,345.8,342.342,349.258,7.0,321.594,A,81.8,79.6,70.5,71.8,58.0,73.8,1
2025-07-08,ADANIPOWER.NS,A_breakout_40d,120.0,111.3804,109.3451,119.43,49616840,26995465.75,120.51,119.3049,121.7151,7.0,112.0743,A,59.3,53.8,76.8,65.2,58.0,61.1,1
2025-07-08,KOTAKBANK.NS,A_breakout_40d,444.9,425.176,389.5394,444.72,37631455,19464107.5,443.4,438.966,447.834,7.0,412.362,A,95.7,50.3,78.7,62.0,58.0,70.5,1
2025-07-10,ADANIPOWER.NS,A_breakout_40d,121.16,111.8894,109.2518,120.43,74692330,28609232.5,121.4,120.186,122.614,7.0,112.902,A,62.1,54.8,92.2,67.2,58.0,65.2,1
2025-07-11,SILVERBEES.NS,A_breakout_40d,106.69,98.9564,92.4027,106.23,21756787,11874239.15,109.0,107.91,110.09,7.0,101.37,A,85.5,53.5,76.6,66.6,58.0,68.4,1
2025-07-14,SILVERBEES.NS,A_breakout_40d,110.02,99.3286,92.526,106.69,21780109,12299609.75,108.18,107.0982,109.2618,7.0,100.6074,A,86.8,75.0,75.4,73.5,58.0,74.9,1
2025-07-16,SBIN.NS,A_breakout_40d,831.7,802.242,789.151,820.35,16458920,10271734.4,838.4,830.016,846.784,7.0,779.712,A,58.3,61.1,72.0,66.4,58.0,62.0,1
2025-07-16,TATAPOWER.NS,A_breakout_40d,414.7,398.768,395.7458,413.2,13501549,6041352.05,415.0,410.85,419.15,7.0,385.95,A,53.8,52.9,84.7,64.5,58.0,60.8,1
2025-07-21,AMBUJACEM.NS,A_breakout_40d,613.25,566.806,545.3133,596.7,4226198,2642292.6,615.0,608.85,621.15,7.0,571.95,A,69.7,72.2,72.0,74.7,58.0,68.7,1
2025-07-21,ETERNAL.NS,A_breakout_40d,271.7,250.5892,247.1728,270.6,67508530,27728508.5,293.0,290.07,295.93,7.0,272.49,A,56.9,53.3,88.7,62.2,58.0,62.4,1
2025-07-21,ULTRACEMCO.NS,A_breakout_40d,12577.0,11802.96,11410.9912,12562.0,512521,303757.15,12649.0,12522.51,12775.49,7.0,11763.57,A,67.2,51.0,73.7,68.6,58.0,62.1,1
2025-07-22,AMBUJACEM.NS,A_breakout_40d,620.55,568.479,545.2538,613.25,5876411,2650169.45,623.0,616.77,629.23,7.0,579.39,A,71.3,59.5,84.3,77.2,58.0,68.1,1
2025-07-22,ETERNAL.NS,A_breakout_40d,299.8,251.9522,247.281,271.7,269332700,39413212.5,298.0,295.02,300.98,7.0,277.14,A,59.4,100.0,100.0,75.5,58.0,79.0,1
2025-07-23,ETERNAL.NS,A_breakout_40d,302.05,253.256,247.4248,299.8,68915200,41538343.0,302.25,299.2275,305.2725,7.0,281.0925,A,61.8,56.0,73.2,76.2,58.0,62.3,1
2025-07-23,GOLDBEES.NS,A_breakout_40d,83.75,80.8618,72.3068,83.13,19504795,11430308.0,84.7,83.853,85.547,7.0,78.771,A,100.0,56.0,74.1,67.2,58.0,72.7,1
2025-07-24,ETERNAL.NS,A_breakout_40d,313.15,254.6672,247.6198,302.05,120603700,45213524.0,309.95,306.8505,313.0495,7.0,288.2535,A,64.2,79.4,93.3,79.4,58.0,73.5,1
2025-07-25,CIPLA.NS,A_breakout_40d,1532.5,1491.908,1490.479,1527.0,5226395,1541078.5,1541.2,1525.788,1556.612,7.0,1433.316,A,50.5,52.9,100.0,63.2,58.0,62.7,1
2025-07-28,CIPLA.NS,A_breakout_40d,1572.0,1493.516,1490.1355,1532.5,3843168,1680552.85,1563.4,1547.766,1579.034,7.0,1453.962,A,51.1,70.6,85.7,70.8,58.0,65.5,1
2025-08-01,HINDUNILVR.NS,A_breakout_40d,2553.7,2388.026,2379.7112,2526.8999,4259653,1936328.1,2547.0,2521.53,2572.47,7.0,2368.71,A,51.7,58.5,84.0,67.3,58.0,61.8,1
2025-08-04,HEROMOTOCO.NS,A_breakout_40d,4535.8999,4319.74,4234.6433,4454.0,1454995,571510.3,4536.0,4490.64,4581.36,7.0,4218.48,A,60.0,64.7,90.9,63.6,58.0,67.0,1
2025-08-04,TVSMOTOR.NS,A_breakout_40d,2942.5,2818.858,2569.9565,2939.3,1942925,779612.7,2951.0,2921.49,2980.51,7.0,2744.43,A,98.4,50.9,89.8,65.1,58.0,73.7,1
2025-08-07,HEROMOTOCO.NS,A_breakout_40d,4660.7002,4332.248,4223.896,4546.7998,2121194,690806.85,4660.0,4613.4,4706.6,7.0,4333.8,A,62.8,70.0,100.0,66.7,58.0,71.1,1
2025-08-12,MARUTI.NS,A_breakout_40d,12840.0,12539.36,11990.6282,12806.0,504476,263467.55,12840.0,12711.6,12968.4,7.0,11941.2,A,72.9,52.1,78.3,61.2,58.0,64.5,1
2025-08-13,APOLLOHOSP.NS,A_breakout_40d,7808.5,7248.23,6950.6045,7616.0,2291645,429864.1,7830.0,7751.7,7908.3,7.0,7281.9,A,71.4,70.2,100.0,67.6,58.0,73.6,1
2025-08-13,HEROMOTOCO.NS,A_breakout_40d,4768.7002,4364.75,4213.3888,4660.7002,1342794,695632.15,4770.0,4722.3,4817.7,7.0,4436.1,A,68.0,68.5,78.6,68.0,58.0,68.2,1
2025-08-13,HINDALCO.NS,A_breakout_40d,700.5,674.726,646.398,699.45,13151356,4682688.35,701.0,693.99,708.01,7.0,651.93,A,71.9,51.2,96.2,60.1,58.0,67.3,1
2025-08-13,TVSMOTOR.NS,A_breakout_40d,3019.2,2847.322,2581.2945,3013.3999,1546062,864149.25,3034.0,3003.66,3064.34,7.0,2821.62,A,100.0,51.5,75.8,65.2,58.0,71.7,1
2025-08-14,APOLLOHOSP.NS,A_breakout_40d,7821.5,7267.14,6954.9877,7808.5,673142,444587.9,7850.0,7771.5,7928.5,7.0,7300.5,A,72.4,51.3,70.3,67.9,58.0,63.0,1
2025-08-18,ASIANPAINT.NS,A_breakout_40d,2587.3999,2379.246,2367.1212,2528.7,1755615,1034556.45,2587.3999,2561.5259,2613.2739,7.0,2406.2819,A,52.6,68.6,73.9,72.5,58.0,63.2,1
2025-08-18,EICHERMOT.NS,A_breakout_40d,5912.0,5568.15,5238.2918,5764.0,1288582,449767.25,5918.0,5858.82,5977.18,7.0,5503.74,A,81.5,70.5,97.3,73.9,58.0,76.3,1
2025-08-18,HEROMOTOCO.NS,A_breakout_40d,4984.0,4389.654,4212.3438,4768.7002,3698091,859942.0,4984.0,4934.16,5033.84,7.0,4635.12,A,71.0,86.1,100.0,72.2,58.0,78.2,1
2025-08-18,HINDUNILVR.NS,A_breakout_40d,2568.1001,2417.43,2372.282,2553.7,3089136,1485455.55,2572.2,2546.478,2597.922,7.0,2392.146,A,59.5,54.5,81.6,63.3,58.0,62.2,1
2025-08-18,JSWSTEEL.NS,A_breakout_40d,1079.8,1031.084,989.5818,1064.8,3252940,1768246.1,1080.0,1069.2,1090.8,7.0,1004.4,A,71.0,61.3,76.8,64.4,58.0,66.4,1
2025-08-18,M&M.NS,A_breakout_40d,3383.1001,3170.734,2978.6725,3282.2,5787481,2457671.85,3400.0,3366.0,3434.0,7.0,3162.0,A,82.2,74.6,87.1,68.5,58.0,75.5,1
2025-08-18,MARUTI.NS,A_breakout_40d,14068.0,12601.1,12016.0692,12936.0,2154781,373851.1,14070.0,13929.3,14210.7,7.0,13085.1,A,74.3,100.0,100.0,81.1,58.0,83.5,1
2025-08-18,SBILIFE.NS,A_breakout_40d,1863.0,1822.732,1611.6067,1862.5,1924632,861252.15,1865.0,1846.35,1883.65,7.0,1734.45,A,100.0,50.2,84.7,57.6,58.0,72.6,1
2025-08-18,TVSMOTOR.NS,A_breakout_40d,3219.7,2862.814,2587.9337,3020.3,3748828,1055547.25,3220.0,3187.8,3252.2,7.0,2994.6,A,100.0,100.0,100.0,77.1,58.0,90.5,1
2025-08-18,ULTRACEMCO.NS,A_breakout_40d,12765.0,12116.26,11513.382,12577.0,808480,277649.05,12787.0,12659.13,12914.87,7.0,11891.91,A,76.2,62.0,98.2,66.4,58.0,72.3,1
2025-08-19,EICHERMOT.NS,A_breakout_40d,5938.5,5579.1,5243.4935,5912.0,843617,482412.25,5964.0,5904.36,6023.64,7.0,5546.52,A,82.0,53.6,75.0,75.0,58.0,67.6,1
2025-08-19,HEROMOTOCO.NS,A_breakout_40d,5118.2002,4405.03,4213.9975,4984.0,1509894,921937.95,5120.0,5068.8,5171.2,7.0,4761.6,A,72.7,71.5,72.8,75.3,58.0,69.6,1
2025-08-19,MARUTI.NS,A_breakout_40d,14250.0,12633.36,12032.0892,14068.0,906623,407578.95,14362.0,14218.38,14505.62,7.0,13356.66,A,75.0,60.3,84.5,82.6,58.0,69.7,1
2025-08-20,DABUR.NS,A_breakout_40d,535.0,504.351,503.6772,534.35,12345218,2734782.2,535.95,530.5905,541.3095,7.0,498.4335,A,50.7,51.0,100.0,63.3,58.0,62.2,1
2025-08-20,HINDUNILVR.NS,A_breakout_40d,2669.8,2427.154,2373.142,2604.8,3156954,1611759.5,2667.1001,2640.4291,2693.7711,7.0,2480.4031,A,61.4,70.0,79.2,72.2,58.0,67.0,1
2025-08-25,EICHERMOT.NS,A_breakout_40d,5990.5,5628.37,5264.8843,5975.0,822944,515740.85,5980.0,5920.2,6039.8,7.0,5561.4,A,84.5,52.1,71.9,73.2,58.0,67.2,1
2025-08-26,EICHERMOT.NS,A_breakout_40d,6151.0,5644.09,5271.1403,5990.5,1474805,573366.5,6269.5,6206.805,6332.195,7.0,5830.635,A,85.4,71.4,91.4,79.1,58.0,76.8,1
2025-08-26,HINDUNILVR.NS,A_breakout_40d,2692.6001,2452.086,2375.593,2669.8,4348648,1846920.25,2748.0,2720.52,2775.48,7.0,2555.64,A,66.1,56.8,87.1,70.6,58.0,66.1,1
2025-08-26,MARUTI.NS,A_breakout_40d,14714.0,12827.68,12113.842,14452.0,962974,480686.5,14895.0,14746.05,15043.95,7.0,13852.35,A,79.5,64.5,80.1,85.5,58.0,71.4,1
2025-08-28,SILVERBEES.NS,A_breakout_40d,112.78,107.459,95.472,112.05,32127716,12211493.05,113.2,112.068,114.332,7.0,105.276,A,100.0,55.2,92.6,61.6,58.0,75.7,1
2025-08-29,SILVERBEES.NS,A_breakout_40d,113.58,107.606,95.6,112.78,25713199,13142432.5,118.05,116.8695,119.2305,7.0,109.7865,A,100.0,55.7,79.1,63.6,58.0,73.4,1
2025-09-01,GOLDBEES.NS,A_breakout_40d,86.61,82.2722,74.6597,85.34,37752097,14129083.05,87.4,86.526,88.274,7.0,81.282,A,100.0,61.9,93.4,74.2,58.0,78.4,1
2025-09-01,SILVERBEES.NS,A_breakout_40d,118.59,107.8952,95.7473,113.58,49075978,14784744.8,119.0,117.81,120.19,7.0,110.67,A,100.0,85.3,100.0,72.9,58.0,86.1,1
2025-09-02,DABUR.NS,A_breakout_40d,544.6,512.43,503.153,535.0,8973936,2993225.6,545.9,540.441,551.359,7.0,507.687,A,59.2,64.4,100.0,64.3,58.0,68.4,1
2025-09-03,HINDALCO.NS,A_breakout_40d,742.95,690.84,648.5112,720.95,8986550,5535163.1,744.05,736.6095,751.4905,7.0,691.9665,A,82.6,74.4,72.5,69.1,58.0,72.8,1
2025-09-03,TATASTEEL.NS,A_breakout_40d,167.85,159.8418,147.8583,163.48,82352014,24820706.75,169.0,167.31,170.69,7.0,157.17,A,90.5,71.4,100.0,64.0,58.0,79.1,1
2025-09-04,BRITANNIA.NS,A_breakout_40d,6083.0,5696.33,5236.5745,5908.0,1385580,533781.95,6066.0,6005.34,6126.66,7.0,5641.38,A,93.9,73.7,91.9,69.6,58.0,79.5,1
2025-09-04,DABUR.NS,A_breakout_40d,552.7,515.502,503.5272,544.6,8712233,3308381.65,553.8,548.262,559.338,7.0,515.034,A,61.9,61.9,92.7,67.1,58.0,67.2,1
2025-09-04,EICHERMOT.NS,A_breakout_40d,6425.0,5738.64,5315.944,6371.5,1181698,631842.15,6449.0,6384.51,6513.49,7.0,5997.57,A,89.8,56.7,77.4,82.9,58.0,71.5,1
2025-09-04,M&M.NS,A_breakout_40d,3481.5,3234.186,3007.955,3403.0,7600320,2944706.9,3511.0,3475.89,3546.11,7.0,3265.23,A,87.6,68.5,91.6,63.1,58.0,75.9,1
2025-09-08,ADANIPOWER.NS,A_breakout_40d,126.77,118.7898,108.4176,121.94,84739285,15258114.25,127.6,126.324,128.876,7.0,118.668,A,97.8,81.7,100.0,69.2,58.0,84.3,1
2025-09-08,GOLDBEES.NS,A_breakout_40d,89.98,82.9358,75.2898,88.65,25737386,15599571.3,90.16,89.2584,91.0616,7.0,83.8488,A,100.0,62.0,73.0,83.7,58.0,75.0,1
2025-09-08,JSWSTEEL.NS,A_breakout_40d,1101.4,1046.98,996.0313,1082.6,3219380,1652263.15,1100.0,1089.0,1111.0,7.0,1023.0,A,75.6,63.9,79.0,66.3,58.0,69.0,1
2025-09-09,ADANIPOWER.NS,A_breakout_40d,128.73,119.027,108.5372,126.77,27736530,16002837.75,129.4,128.106,130.694,7.0,120.342,A,98.3,62.4,74.7,72.3,58.0,74.4,1
2025-09-09,GOLDBEES.NS,A_breakout_40d,91.17,83.163,75.427,89.98,36086737,16638534.05,91.8,90.882,92.718,7.0,85.374,A,100.0,60.6,83.4,85.9,58.0,76.7,1
2025-09-12,BAJFINANCE.NS,A_breakout_40d,1003.25,911.125,851.7149,970.25,11412561,7544435.6,999.0,989.01,1008.99,7.0,929.07,A,84.9,77.2,70.3,77.5,58.0,74.2,1
2025-09-16,SBIN.NS,A_breakout_40d,831.55,813.312,789.541,830.4,9467531,5670770.7,834.3,825.957,842.643,7.0,775.899,A,65.1,51.1,73.4,65.7,58.0,61.4,1
2025-09-17,BEL.NS,A_breakout_40d,412.2,388.761,333.6838,403.1,31367478,14669350.05,415.0,410.85,419.15,7.0,385.95,A,100.0,68.1,82.8,70.6,58.0,77.9,1
2025-09-17,SBIN.NS,A_breakout_40d,857.15,814.318,789.6325,831.55,17243938,6279133.55,858.65,850.0635,867.2365,7.0,798.5445,A,65.6,74.6,94.9,77.0,58.0,72.8,1
2025-09-17,TATACONSUM.NS,A_breakout_40d,1136.3,1079.152,1043.4245,1105.3,3361334,1136225.9,1136.3,1124.937,1147.663,7.0,1056.759,A,67.1,72.4,99.2,66.0,58.0,72.8,1
2025-09-19,ADANIPORTS.NS,A_breakout_40d,1427.8,1376.564,1274.5137,1420.8,8069167,2032891.75,1433.0,1418.67,1447.33,7.0,1332.69,A,90.0,53.9,100.0,68.4,58.0,74.3,1
2025-09-19,ADANIPOWER.NS,A_breakout_40d,141.88,120.7064,109.6889,129.71,431620030,57386726.25,148.2,146.718,149.682,7.0,137.826,A,100.0,100.0,100.0,76.4,58.0,90.4,1
2025-09-19,BHARTIARTL.NS,A_breakout_40d,1962.4,1910.248,1782.5618,1943.8,11287603,4457032.25,1954.0,1934.46,1973.54,7.0,1817.22,A,85.8,57.7,90.7,65.4,58.0,72.3,1
2025-09-19,SBIN.NS,A_breakout_40d,862.35,816.18,789.8393,857.15,15206426,7114677.25,862.0,853.38,870.62,7.0,801.66,A,66.7,54.9,82.7,76.8,58.0,65.2,1
2025-09-22,ADANIENT.NS,A_breakout_40d,2629.5,2405.696,2402.2185,2608.3999,7022985,1335517.2,2642.6001,2616.1741,2669.0261,7.0,2457.6181,A,50.7,56.5,100.0,77.9,58.0,64.5,1
2025-09-22,ADANIPORTS.NS,A_breakout_40d,1444.2,1376.586,1275.2915,1427.8,5490489,2246902.0,1453.0,1438.47,1467.53,7.0,1351.29,A,89.7,59.2,88.9,71.6,58.0,73.8,1
2025-09-22,ADANIPOWER.NS,A_breakout_40d,170.25,121.6882,109.996,141.88,134757185,63805446.25,179.9,178.101,181.699,7.0,167.307,A,100.0,100.0,82.2,87.3,58.0,87.6,1
2025-09-23,ADANIENT.NS,A_breakout_40d,2676.3999,2408.05,2403.1268,2629.5,5610022,1588895.55,2655.0,2628.45,2681.55,7.0,2469.15,A,51.0,64.3,100.0,80.0,58.0,66.9,1
2025-09-23,GOLDBEES.NS,A_breakout_40d,95.13,85.3856,76.81,93.14,36910438,23405329.5,95.9,94.941,96.859,7.0,89.187,A,100.0,67.1,71.5,80.7,58.0,76.0,1
2025-09-23,JSWSTEEL.NS,A_breakout_40d,1138.4,1062.884,1003.891,1122.8,2075493,1327479.05,1138.4,1127.016,1149.784,7.0,1058.712,A,79.4,61.1,71.3,72.2,58.0,68.1,1
2025-09-23,MARUTI.NS,A_breakout_40d,16097.0,13833.2,12508.3717,15864.0,873114,576691.9,16188.0,16026.12,16349.88,7.0,15054.84,A,100.0,61.7,70.3,80.3,58.0,74.3,1
2025-09-23,SBIN.NS,A_breakout_40d,870.6,818.364,789.9003,862.35,14357863,7623744.85,876.0,867.24,884.76,7.0,814.68,A,68.0,57.7,77.7,75.1,58.0,65.3,1
2025-09-24,JSWSTEEL.NS,A_breakout_40d,1149.1,1065.088,1004.6405,1138.4,2111388,1345140.0,1149.1,1137.609,1160.591,7.0,1068.663,A,80.1,57.5,71.4,74.6,58.0,67.4,1
2025-09-26,LT.NS,A_breakout_40d,3729.5,3593.082,3505.777,3693.7,5870301,1642929.35,3738.0,3700.62,3775.38,7.0,3476.34,A,62.5,57.8,100.0,64.2,58.0,67.5,1
2025-09-29,BPCL.NS,A_breakout_40d,338.1,322.988,300.5815,330.4,12616059,6120147.05,339.75,336.3525,343.1475,7.0,315.9675,A,87.3,68.6,81.2,65.7,58.0,74.0,1
2025-09-29,IOC.NS,A_breakout_40d,149.31,143.8218,137.1865,148.5,16918652,8140510.0,150.04,148.5396,151.5404,7.0,139.5372,A,74.2,54.4,81.6,64.7,58.0,66.3,1
2025-09-29,SBIN.NS,A_breakout_40d,870.75,821.745,789.9023,870.6,22641712,8810881.85,869.95,861.2505,878.6495,7.0,809.0535,A,70.2,50.1,91.4,69.2,58.0,66.1,1
2025-09-29,SILVERBEES.NS,A_breakout_40d,139.06,115.8458,99.4407,133.01,46710530,24557958.6,139.99,138.5901,141.3899,7.0,130.1907,A,100.0,86.4,78.0,85.4,58.0,82.9,1
2025-09-30,IOC.NS,A_breakout_40d,149.79,143.8164,137.2195,149.31,13201863,8614865.25,150.4,148.896,151.904,7.0,139.872,A,74.0,52.6,70.6,65.7,58.0,63.8,1
2025-09-30,VEDL.NS,A_breakout_40d,465.8,442.509,441.2813,461.65,16517105,10741696.4,468.55,463.8645,473.2355,7.0,435.7515,A,51.4,57.2,70.8,59.9,58.0,58.4,1
2025-10-01,BPCL.NS,A_breakout_40d,339.7,322.853,300.9302,339.65,9814406,6447903.75,344.0,340.56,347.44,7.0,319.92,A,86.4,50.1,70.4,66.8,58.0,66.6,1
2025-10-03,HEROMOTOCO.NS,A_breakout_40d,5550.5,5003.516,4299.4958,5472.5,1634394,1076993.9,5527.0,5471.73,5582.27,7.0,5140.11,A,100.0,61.4,70.4,67.7,58.0,73.5,1
2025-10-03,HINDALCO.NS,A_breakout_40d,780.35,719.099,658.17,765.95,6522416,3857577.3,782.05,774.2295,789.8705,7.0,727.3065,A,96.3,65.0,73.8,74.1,58.0,74.5,1
2025-10-03,VEDL.NS,A_breakout_40d,470.95,443.136,440.7528,465.8,21404838,11318008.5,474.95,470.2005,479.6995,7.0,441.7035,A,52.7,58.8,77.8,62.1,58.0,60.7,1
2025-10-06,GOLDBEES.NS,A_breakout_40d,99.22,87.636,78.0716,97.63,57326883,31585874.55,99.22,98.2278,100.2122,7.0,92.2746,A,100.0,63.0,76.3,81.0,58.0,75.8,1
2025-10-06,IOC.NS,A_breakout_40d,154.84,143.807,137.3497,150.39,18473741,9510785.2,154.76,153.2124,156.3076,7.0,143.9268,A,73.5,73.7,78.8,74.9,58.0,71.5,1
2025-10-07,GOLDBEES.NS,A_breakout_40d,99.66,87.9832,78.2494,99.22,53314468,32964728.65,100.1,99.099,101.101,7.0,93.093,A,100.0,53.5,72.3,81.7,58.0,72.4,1
2025-10-08,GOLDBEES.NS,A_breakout_40d,101.69,88.375,78.436,99.66,57364133,34028598.45,102.6,101.574,103.626,7.0,95.418,A,100.0,66.3,73.7,84.6,58.0,76.4,1
2025-10-08,SILVERBEES.NS,A_breakout_40d,150.93,119.6826,101.0666,143.82,57986358,32082933.45,150.93,149.4207,152.4393,7.0,140.3649,A,100.0,89.5,76.1,85.8,58.0,83.4,1
2025-10-09,SILVERBEES.NS,A_breakout_40d,156.16,120.6248,101.424,150.93,123576606,36520657.35,156.1,154.539,157.661,7.0,145.173,A,100.0,77.7,100.0,88.0,58.0,84.8,1
2025-10-09,TATASTEEL.NS,A_breakout_40d,176.42,164.6122,151.035,173.29,68504717,23759030.0,176.0,174.24,177.76,7.0,163.68,A,94.9,64.4,97.7,64.6,58.0,78.0,1
2025-10-13,SILVERBEES.NS,A_breakout_40d,164.34,122.602,102.1731,156.16,86689491,41666791.85,168.44,166.7556,170.1244,7.0,156.6492,A,100.0,91.9,81.6,86.6,58.0,85.2,1
2025-10-14,GOLDBEES.NS,A_breakout_40d,105.09,90.002,79.2116,102.65,85463491,41595013.4,105.2,104.148,106.252,7.0,97.836,A,100.0,69.0,81.1,84.1,58.0,78.5,1
2025-10-14,SILVERBEES.NS,A_breakout_40d,174.31,123.9502,102.6181,164.34,162150539,48673256.6,177.8,176.022,179.578,7.0,165.354,A,100.0,98.5,100.0,89.3,58.0,90.7,1
2025-10-15,GOLDBEES.NS,A_breakout_40d,105.29,90.4688,79.4181,105.09,76144009,44264222.45,105.35,104.2965,106.4035,7.0,97.9755,A,100.0,51.5,74.4,84.3,58.0,72.4,1
2025-10-15,NESTLEIND.NS,A_breakout_40d,1221.4,1170.862,1157.9529,1220.8,2283392,1310197.7,1221.4,1209.186,1233.614,7.0,1135.902,A,55.6,50.4,74.9,62.1,58.0,58.6,1
2025-10-16,ADANIPORTS.NS,A_breakout_40d,1479.5,1377.79,1290.8765,1450.7,6512312,2624546.3,1479.5,1464.705,1494.295,7.0,1375.935,A,83.7,65.9,89.6,69.5,58.0,74.0,1
2025-10-16,NESTLEIND.NS,A_breakout_40d,1276.6,1173.62,1158.9219,1221.4,6927367,1606283.0,1263.9,1251.261,1276.539,7.0,1175.427,A,56.3,86.2,100.0,71.9,58.0,74.1,1
2025-10-16,TATACONSUM.NS,A_breakout_40d,1149.3,1099.01,1063.4213,1144.8,2383412,1161309.75,1152.2,1140.678,1163.722,7.0,1071.546,A,66.7,53.1,81.0,61.7,58.0,63.7,1
2025-10-17,NESTLEIND.NS,A_breakout_40d,1289.5,1176.737,1159.9696,1276.6,3171952,1697622.7,1289.5,1276.605,1302.395,7.0,1199.235,A,57.2,58.1,77.4,73.7,58.0,62.3,1
2025-10-17,TATACONSUM.NS,A_breakout_40d,1166.0,1101.038,1064.7338,1149.3,2001759,1209848.9,1166.9,1155.231,1178.569,7.0,1085.217,A,67.0,61.6,73.1,66.1,58.0,64.8,1
2025-10-17,TVSMOTOR.NS,A_breakout_40d,3654.0,3378.738,2795.6962,3591.3,1173044,594566.55,3699.0,3662.01,3735.99,7.0,3440.07,A,100.0,64.0,79.5,75.8,58.0,76.4,1
2025-10-20,APOLLOHOSP.NS,A_breakout_40d,8010.0,7707.77,7097.0547,7929.0,498555,324208.2,8038.0,7957.62,8118.38,7.0,7475.34,A,93.0,58.2,70.8,69.3,58.0,70.8,1
2025-10-20,BAJAJFINSV.NS,A_breakout_40d,2139.8,2007.132,1941.0113,2090.2,1844869,931148.1,2150.0,2128.5,2171.5,7.0,1999.5,A,67.0,69.0,79.6,70.7,58.0,68.3,1
2025-10-20,BHARTIARTL.NS,A_breakout_40d,2051.5,1916.702,1816.0677,2012.0,7387180,4814702.15,2051.8,2031.282,2072.318,7.0,1908.174,A,77.7,65.7,70.7,75.5,58.0,69.0,1
2025-10-20,CIPLA.NS,A_breakout_40d,1639.1,1549.972,1499.4787,1601.2,3372906,1386709.15,1646.7,1630.233,1663.167,7.0,1531.431,A,66.8,68.9,88.6,71.2,58.0,70.0,1
2025-10-20,RELIANCE.NS,A_breakout_40d,1466.8,1386.476,1351.5445,1424.8,24721978,11735055.85,1468.0,1453.32,1482.68,7.0,1365.24,A,62.9,73.6,82.1,73.8,58.0,69.1,1
2025-10-23,AXISBANK.NS,A_breakout_40d,1258.8,1122.836,1110.2035,1237.3,14611221,9029798.6,1254.2,1241.658,1266.742,7.0,1166.406,A,55.7,63.9,72.4,73.2,58.0,62.5,1
2025-10-23,BEL.NS,A_breakout_40d,418.65,393.792,346.1418,417.7,21980966,13387807.35,422.0,417.78,426.22,7.0,392.46,A,100.0,51.8,72.8,62.4,58.0,71.1,1
2025-10-23,HDFCBANK.NS,A_breakout_40d,1008.8,973.873,936.3295,1007.7,43526526,22273739.8,1011.0,1000.89,1021.11,7.0,940.23,A,70.0,50.9,79.1,73.2,58.0,64.1,1
2025-10-23,SHRIRAMFIN.NS,A_breakout_40d,709.65,629.658,627.7504,695.25,8911040,5041334.85,711.05,703.9395,718.1605,7.0,661.2765,A,51.5,66.6,75.4,76.6,58.0,62.8,1
2025-10-24,HINDALCO.NS,A_breakout_40d,824.45,744.969,669.29,792.4,16905398,5072922.4,834.9,826.551,843.249,7.0,776.457,A,100.0,82.4,100.0,76.2,58.0,85.5,1
2025-10-24,VEDL.NS,A_breakout_40d,495.6,454.8,441.4495,484.2,25748299,10872715.9,501.0,495.99,506.01,7.0,465.93,A,65.1,68.8,87.4,69.9,58.0,69.2,1
2025-10-27,GRASIM.NS,A_breakout_40d,2923.8999,2813.744,2658.0547,2878.8,764132,425048.35,2932.7,2903.373,2962.027,7.0,2727.411,A,79.3,62.5,76.0,65.5,58.0,69.0,1
2025-10-27,SBILIFE.NS,A_breakout_40d,1903.1,1822.554,1690.584,1857.7,2866910,1000768.55,1903.1,1884.069,1922.131,7.0,1769.883,A,89.0,69.6,97.3,69.4,58.0,78.0,1
2025-10-28,BHARTIARTL.NS,A_breakout_40d,2090.2,1934.596,1827.405,2080.1001,9891522,4991087.75,2083.0,2062.17,2103.83,7.0,1937.19,A,79.3,53.9,79.6,72.7,58.0,67.7,1
2025-10-28,GRASIM.NS,A_breakout_40d,2932.8999,2817.484,2660.383,2923.8999,1056504,451721.3,2945.8999,2916.4409,2975.3589,7.0,2739.6869,A,79.5,52.5,86.8,66.5,58.0,68.4,1
2025-10-28,JSWSTEEL.NS,A_breakout_40d,1184.2,1114.544,1027.4393,1175.2,3451230,1531780.0,1189.2,1177.308,1201.092,7.0,1105.956,A,92.4,56.1,85.1,63.3,58.0,72.5,1
2025-10-28,LT.NS,A_breakout_40d,3972.8,3687.034,3514.0632,3923.8,3391806,1728597.9,3988.0,3948.12,4027.88,7.0,3708.84,A,74.6,60.0,79.2,75.0,58.0,68.1,1
2025-10-28,SBILIFE.NS,A_breakout_40d,1936.8,1824.484,1692.8792,1903.1,2166517,1031042.3,1934.0,1914.66,1953.34,7.0,1798.62,A,88.9,64.2,82.0,73.9,58.0,73.7,1
2025-10-28,SBIN.NS,A_breakout_40d,930.25,851.331,796.4388,922.75,22066289,10470032.85,933.9,924.561,943.239,7.0,868.527,A,84.5,56.5,82.2,76.2,58.0,70.5,1
2025-10-28,TATASTEEL.NS,A_breakout_40d,181.81,168.219,153.1993,176.66,59511794,25747440.75,183.67,181.8333,185.5067,7.0,170.8131,A,99.0,73.3,86.2,69.4,58.0,79.7,1
2025-10-29,GRASIM.NS,A_breakout_40d,2958.7,2821.36,2662.9977,2932.8999,711559,460226.5,2960.0,2930.4,2989.6,7.0,2752.8,A,79.7,57.0,70.9,69.2,58.0,66.8,1
2025-10-29,IOC.NS,A_breakout_40d,163.09,147.0756,138.7351,155.26,58449093,13312939.55,163.09,161.4591,164.7209,7.0,151.6737,A,80.1,90.3,100.0,72.1,58.0,81.9,1
2025-10-29,JSWSTEEL.NS,A_breakout_40d,1207.9,1117.792,1028.9673,1184.2,3819737,1591983.35,1207.9,1195.821,1219.979,7.0,1123.347,A,93.2,66.0,88.0,68.1,58.0,76.3,1
2025-10-29,SBILIFE.NS,A_breakout_40d,1970.4,1827.08,1695.4155,1936.8,2398496,1100776.8,1970.4,1950.696,1990.104,7.0,1832.472,A,88.8,63.9,83.6,77.5,58.0,74.1,1
2025-10-29,SHRIRAMFIN.NS,A_breakout_40d,738.45,638.298,630.3613,723.7,10246214,5892469.1,738.5,731.115,745.885,7.0,686.805,A,56.3,66.3,74.8,82.6,58.0,64.3,1
2025-10-29,TATAPOWER.NS,A_breakout_40d,410.7,390.241,382.5475,400.25,10944400,4766074.0,411.05,406.9395,415.1605,7.0,382.2765,A,60.1,70.9,85.9,69.6,58.0,68.1,1
2025-10-29,TATASTEEL.NS,A_breakout_40d,185.19,168.8168,153.462,181.81,51610530,27486350.15,184.4,182.556,186.244,7.0,171.492,A,100.0,64.9,77.6,73.1,58.0,76.2,1
2025-10-29,VEDL.NS,A_breakout_40d,516.2,459.234,442.3843,505.25,25108474,11625174.7,513.0,507.87,518.13,7.0,477.09,A,69.0,67.3,83.2,75.9,58.0,69.4,1
2025-10-30,BPCL.NS,A_breakout_40d,357.6,328.321,305.526,348.1,14807100,7773516.8,358.0,354.42,361.58,7.0,332.94,A,87.3,71.8,78.1,68.8,58.0,74.4,1
2025-10-30,IOC.NS,A_breakout_40d,163.51,147.5396,138.8916,163.09,33405636,14323128.2,163.51,161.8749,165.1451,7.0,152.0643,A,81.1,52.1,86.6,72.6,58.0,69.0,1
2025-10-30,LT.NS,A_breakout_40d,3987.5,3699.704,3518.17,3972.8,4959400,1890953.35,4001.1001,3961.0891,4041.1111,7.0,3721.0231,A,75.8,53.0,92.5,74.2,58.0,68.9,1
2025-10-31,BEL.NS,A_breakout_40d,426.1,397.66,350.1343,422.05,51342361,14517063.35,428.0,423.72,432.28,7.0,398.04,A,100.0,57.7,100.0,63.1,58.0,77.9,1
2025-10-31,IOC.NS,A_breakout_40d,165.9,148.0174,139.0697,163.51,25385134,15209455.1,167.0,165.33,168.67,7.0,155.31,A,82.2,61.7,73.4,75.1,58.0,69.6,1
2025-10-31,SHRIRAMFIN.NS,A_breakout_40d,748.9,642.978,632.3272,738.45,18363853,6079038.45,762.8,755.172,770.428,7.0,709.404,A,58.4,61.3,100.0,84.2,58.0,68.3,1
2025-11-03,BPCL.NS,A_breakout_40d,367.3,329.975,306.4317,357.6,20107281,8373114.5,369.85,366.1515,373.5485,7.0,343.9605,A,88.4,71.7,88.0,73.2,58.0,76.8,1
2025-11-03,SHRIRAMFIN.NS,A_breakout_40d,796.45,646.581,633.704,748.9,26222030,7030112.8,792.45,784.5255,800.3745,7.0,736.9785,A,60.2,100.0,100.0,89.5,58.0,79.9,1
2025-11-03,TATACONSUM.NS,A_breakout_40d,1197.5,1122.84,1075.9655,1177.1,2595111,1213528.35,1199.8,1187.802,1211.798,7.0,1115.814,A,71.8,63.9,82.8,67.5,58.0,68.7,1
2025-11-04,BHARTIARTL.NS,A_breakout_40d,2113.3,1952.088,1839.3513,2100.6001,12263078,5067897.4,2115.0,2093.85,2136.15,7.0,1966.95,A,80.6,54.8,88.4,69.4,58.0,69.8,1
2025-11-04,DIVISLAB.NS,A_breakout_40d,6804.5,6220.72,6173.5095,6804.0,801413,523616.35,6792.5,6724.575,6860.425,7.0,6317.025,A,53.8,50.1,70.6,71.8,58.0,57.7,1
2025-11-04,SBIN.NS,A_breakout_40d,957.6,862.914,801.2683,949.7,19154518,10779568.7,969.65,959.9535,979.3465,7.0,901.7745,A,88.5,56.7,75.5,79.7,58.0,70.6,1
2025-11-04,TITAN.NS,A_breakout_40d,3813.5,3586.952,3429.4593,3772.3,2524600,1170352.75,3780.0,3742.2,3817.8,7.0,3515.4,A,73.0,58.7,83.1,68.8,58.0,67.7,1
2025-11-06,ASIANPAINT.NS,A_breakout_40d,2602.8999,2467.176,2368.4605,2555.8999,4448622,979765.1,2602.8999,2576.8709,2628.9289,7.0,2420.6969,A,70.8,64.7,100.0,69.1,58.0,72.0,1
2025-11-06,SBIN.NS,A_breakout_40d,960.75,865.804,802.3035,957.6,23088096,11471844.5,958.75,949.1625,968.3375,7.0,891.6375,A,89.6,52.6,80.3,80.3,58.0,70.7,1
2025-11-10,ASIANPAINT.NS,A_breakout_40d,2650.3999,2472.974,2372.3985,2613.8,1706880,1040223.95,2650.3999,2623.8959,2676.9039,7.0,2464.8719,A,71.2,61.2,72.8,73.1,58.0,66.2,1
2025-11-11,BEL.NS,A_breakout_40d,427.3,403.3,354.4503,426.1,24889361,15668194.85,428.15,423.8685,432.4315,7.0,398.1795,A,100.0,52.3,71.8,60.8,58.0,70.9,1
2025-11-12,ADANIPORTS.NS,A_breakout_40d,1506.9,1417.1,1315.8542,1479.5,4641466,2556758.75,1515.0,1499.85,1530.15,7.0,1408.95,A,88.5,64.8,76.3,68.3,58.0,72.4,1
2025-11-12,ASIANPAINT.NS,A_breakout_40d,2769.8,2481.362,2376.829,2657.2,2859196,1132755.55,2858.8999,2830.3109,2887.4889,7.0,2658.7769,A,72.0,83.9,90.5,80.6,58.0,76.5,1
2025-11-13,ASIANPAINT.NS,A_breakout_40d,2879.3999,2487.546,2379.9155,2769.8,5933630,1411769.8,2865.1001,2836.4491,2893.7511,7.0,2664.5431,A,72.6,81.7,100.0,84.8,58.0,78.0,1
2025-11-14,ASIANPAINT.NS,A_breakout_40d,2906.3999,2494.874,2383.0657,2879.3999,2494076,1498791.6,2906.3999,2877.3359,2935.4639,7.0,2702.9519,A,73.5,57.5,73.3,85.6,58.0,66.5,1
2025-11-17,HEROMOTOCO.NS,A_breakout_40d,5798.5,5465.06,4493.1292,5646.5,1770568,605351.05,5820.0,5761.8,5878.2,7.0,5412.6,A,100.0,71.5,98.5,67.2,58.0,81.7,1
2025-11-18,AXISBANK.NS,A_breakout_40d,1265.4,1180.91,1128.7125,1258.8,10175969,5592294.15,1268.0,1255.32,1280.68,7.0,1179.24,A,73.1,54.2,76.4,69.0,58.0,65.2,1
2025-11-18,HEROMOTOCO.NS,A_breakout_40d,5799.5,5474.03,4502.047,5798.5,1182455,642713.6,5851.0,5792.49,5909.51,7.0,5441.43,A,100.0,50.1,76.8,67.3,58.0,71.6,1
2025-11-19,TITAN.NS,A_breakout_40d,3933.1001,3625.76,3453.5778,3879.2,1578123,923302.9,3950.0,3910.5,3989.5,7.0,3673.5,A,74.9,61.1,74.2,73.5,58.0,67.5,1
2025-11-20,EICHERMOT.NS,A_breakout_40d,7125.5,6921.68,5827.082,7047.0,857232,495971.65,7125.5,7054.245,7196.755,7.0,6626.715,A,100.0,58.9,74.6,62.6,58.0,73.4,1
2025-11-20,HEROMOTOCO.NS,A_breakout_40d,5999.5,5495.43,4520.933,5876.5,1276202,732823.7,5970.0,5910.3,6029.7,7.0,5552.1,A,100.0,66.7,74.8,73.9,58.0,76.2,1
2025-11-20,RELIANCE.NS,A_breakout_40d,1549.1,1432.506,1376.9278,1519.4,18171724,10770469.15,1541.0,1525.59,1556.41,7.0,1433.13,A,70.2,65.6,73.7,75.2,58.0,67.4,1
2025-11-24,EICHERMOT.NS,A_breakout_40d,7258.5,6935.32,5847.2538,7134.5,1229296,556969.75,7258.5,7185.915,7331.085,7.0,6750.405,A,100.0,63.9,84.1,67.4,58.0,76.9,1
2025-11-26,SIEMENS.NS,A_breakout_40d,3318.8,3163.156,3101.6326,3251.7,1149408,414624.75,3310.0,3276.9,3343.1,7.0,3078.3,A,59.9,66.5,95.4,66.2,58.0,68.4,1
2025-11-27,SUNPHARMA.NS,A_breakout_40d,1810.3,1687.94,1684.2105,1804.9,2902053,1848749.45,1810.3,1792.197,1828.403,7.0,1683.579,A,51.1,52.4,71.4,76.3,58.0,58.0,1
2025-12-01,ADANIPORTS.NS,A_breakout_40d,1530.5,1451.78,1341.6692,1516.9,4059126,2277910.65,1528.1,1512.819,1543.381,7.0,1421.133,A,91.0,57.2,75.6,67.8,58.0,70.9,1
2025-12-01,TVSMOTOR.NS,A_breakout_40d,3661.8,3506.66,2958.9282,3658.3,1616247,958640.05,3659.8,3623.202,3696.398,7.0,3403.614,A,100.0,50.8,73.7,67.8,58.0,71.2,1
2025-12-02,SIEMENS.NS,A_breakout_40d,3361.0,3163.802,3103.0311,3318.8,744346,455296.95,3372.1001,3338.3791,3405.8211,7.0,3136.0531,A,59.8,60.2,72.7,68.1,58.0,62.4,1
2025-12-05,INDUSTOWER.NS,A_breakout_40d,415.7,378.116,371.9822,412.35,9654037,4931380.95,414.0,409.86,418.14,7.0,385.02,A,58.2,56.5,79.2,66.3,58.0,62.1,1
2025-12-12,GOLDBEES.NS,A_breakout_40d,109.61,102.8134,86.3524,108.11,42813407,25405872.0,110.45,109.3455,111.5545,7.0,102.7185,A,100.0,61.1,73.7,70.0,58.0,74.2,1
2025-12-12,VEDL.NS,A_breakout_40d,543.6,504.392,455.254,538.4,18629112,9509924.8,540.95,535.5405,546.3595,7.0,503.0835,A,100.0,57.7,79.2,64.3,58.0,74.0,1
2025-12-15,GOLDBEES.NS,A_breakout_40d,110.95,103.1154,86.5435,109.61,44275839,26228807.2,109.46,108.3654,110.5546,7.0,101.7978,A,100.0,59.8,73.8,72.8,58.0,74.0,1
2025-12-16,VEDL.NS,A_breakout_40d,569.5,508.054,456.49,549.4,34011443,11280230.7,580.0,574.2,585.8,7.0,539.4,A,100.0,79.3,100.0,72.5,58.0,84.4,1
2025-12-17,SILVERBEES.NS,A_breakout_40d,192.16,156.1278,117.0541,184.87,63395449,41309668.55,194.79,192.8421,196.7379,7.0,181.1547,A,100.0,81.5,70.7,81.2,58.0,79.9,1
2025-12-17,VEDL.NS,A_breakout_40d,569.8,510.034,457.2247,569.5,30344596,12596983.25,569.7,564.003,575.397,7.0,529.821,A,100.0,50.4,88.2,72.6,58.0,74.1,1
2025-12-18,SHRIRAMFIN.NS,A_breakout_40d,869.45,787.244,679.7235,867.65,12481529,7254544.5,869.0,860.31,877.69,7.0,808.17,A,100.0,51.7,74.4,65.8,58.0,71.5,1
2025-12-19,SHRIRAMFIN.NS,A_breakout_40d,901.7,791.94,681.198,869.45,35297309,8827847.75,919.0,909.81,928.19,7.0,854.67,A,100.0,79.7,100.0,72.8,58.0,84.6,1
2025-12-22,GOLDBEES.NS,A_breakout_40d,111.39,104.2228,87.4877,110.95,66926289,30124085.45,112.52,111.3948,113.6452,7.0,104.6436,A,100.0,53.2,84.4,70.2,58.0,74.0,1
2025-12-22,INFY.NS,A_breakout_40d,1689.6,1538.902,1538.742,1638.7,23098923,8098297.7,1679.0,1662.21,1695.79,7.0,1561.47,A,50.1,74.8,97.0,75.2,58.0,68.8,1
2025-12-22,SHRIRAMFIN.NS,A_breakout_40d,934.85,797.256,682.7857,901.7,31894463,10015541.95,938.7,929.313,948.087,7.0,872.991,A,100.0,79.4,100.0,77.9,58.0,84.7,1
2025-12-22,SILVERBEES.NS,A_breakout_40d,199.95,159.0748,118.5925,193.26,70597242,45915195.5,202.0,199.98,204.02,7.0,187.86,A,100.0,77.7,70.8,83.6,58.0,79.0,1
2025-12-26,SILVERBEES.NS,A_breakout_40d,219.85,162.2038,120.3748,209.23,80430683,50994906.55,235.21,232.8579,237.5621,7.0,218.7453,A,100.0,90.6,71.5,89.3,58.0,83.0,1
2025-12-26,TITAN.NS,A_breakout_40d,3992.0,3827.5,3530.7593,3933.8,1113050,683193.4,4010.0,3969.9,4050.1,7.0,3729.3,A,92.0,61.8,72.6,66.7,58.0,71.8,1
2025-12-30,BAJAJ-AUTO.NS,A_breakout_40d,9282.0,8995.66,8552.25,9170.0,464922,297574.65,9320.0,9226.8,9413.2,7.0,8667.6,A,75.9,59.8,71.2,61.1,58.0,66.2,1
2025-12-30,HINDALCO.NS,A_breakout_40d,884.15,821.44,717.904,872.9,15280248,5011060.3,886.4,877.536,895.264,7.0,824.352,A,100.0,60.3,100.0,69.8,58.0,79.0,1
2025-12-30,SHRIRAMFIN.NS,A_breakout_40d,979.4,826.563,691.1155,973.7,17757531,10957991.4,983.0,973.17,992.83,7.0,914.19,A,100.0,54.7,72.4,77.6,58.0,72.5,1
2025-12-31,BPCL.NS,A_breakout_40d,384.0,361.408,327.7612,375.45,12051156,5630839.3,386.4,382.536,390.264,7.0,359.352,A,100.0,68.2,82.8,67.7,58.0,77.8,1
2025-12-31,TITAN.NS,A_breakout_40d,4051.5,3850.404,3544.6695,3992.0,1358731,779805.35,4063.7,4023.063,4104.337,7.0,3779.241,A,93.1,61.9,74.8,70.5,58.0,72.8,1
2026-01-01,INDUSTOWER.NS,A_breakout_40d,435.8,401.041,379.1272,423.9,17970341,6858738.4,438.0,433.62,442.38,7.0,407.34,A,78.9,72.5,92.4,69.5,58.0,75.0,1
2026-01-02,INDUSINDBK.NS,A_breakout_40d,902.45,835.012,795.079,890.2,6250730,3208686.7,905.0,895.95,914.05,7.0,841.65,A,75.1,61.0,79.0,70.4,58.0,68.2,1
2026-01-02,INDUSTOWER.NS,A_breakout_40d,442.05,402.676,379.7142,435.8,11982152,7281054.0,439.3,434.907,443.693,7.0,408.549,A,80.2,61.5,72.9,72.3,58.0,68.7,1
2026-01-02,TVSMOTOR.NS,A_breakout_40d,3847.8,3574.108,3106.9515,3794.3999,1002294,545151.55,3863.0,3824.37,3901.63,7.0,3592.59,A,100.0,61.3,76.8,68.7,58.0,74.8,1
2026-01-05,NESTLEIND.NS,A_breakout_40d,1314.6,1262.118,1200.9647,1295.0,2397082,964305.5,1319.0,1305.81,1332.19,7.0,1226.67,A,75.5,62.1,89.7,69.1,58.0,70.6,1
2026-01-05,SBIN.NS,A_breakout_40d,1005.55,964.301,849.751,998.95,11259060,6932004.8,1007.95,997.8705,1018.0295,7.0,937.3935,A,100.0,55.3,72.5,70.8,58.0,72.4,1
2026-01-06,AXISBANK.NS,A_breakout_40d,1293.8,1254.47,1171.8595,1290.2,6751769,4042013.45,1293.0,1280.07,1305.93,7.0,1202.49,A,85.2,52.2,73.4,64.8,58.0,67.3,1
2026-01-06,BAJAJ-AUTO.NS,A_breakout_40d,9661.0,9036.57,8603.1142,9558.0,503002,326617.7,9668.0,9571.32,9764.68,7.0,8991.24,A,75.2,58.6,70.8,70.4,58.0,66.0,1
2026-01-06,HINDALCO.NS,A_breakout_40d,942.25,833.847,723.6475,931.7,10369133,5306847.55,951.05,941.5395,960.5605,7.0,884.4765,A,100.0,59.1,79.1,81.2,58.0,75.2,1
2026-01-06,INDUSINDBK.NS,A_breakout_40d,914.25,841.003,797.4013,902.45,8308942,3480536.5,914.5,905.355,923.645,7.0,850.485,A,77.3,60.5,87.7,72.3,58.0,70.5,1
2026-01-07,BRITANNIA.NS,A_breakout_40d,6185.0,5939.38,5708.7148,6129.5,437361,226933.95,6155.0,6093.45,6216.55,7.0,5724.15,A,70.2,57.2,78.5,65.8,58.0,65.5,1
2026-01-07,TITAN.NS,A_breakout_40d,4273.2002,3887.854,3571.947,4111.7998,3496340,896200.8,4273.2002,4230.4682,4315.9322,7.0,3974.0762,A,94.2,81.4,100.0,83.3,58.0,83.9,1
2026-01-12,COALINDIA.NS,A_breakout_40d,432.3,390.15,389.7925,431.65,14407896,8744744.05,434.0,429.66,438.34,7.0,403.62,A,50.5,51.2,73.0,71.7,58.0,57.5,1
2026-01-12,GOLDBEES.NS,A_breakout_40d,116.76,107.045,90.3,114.31,70988427,45095141.2,116.98,115.8102,118.1498,7.0,108.7914,A,100.0,67.1,71.5,71.8,58.0,75.6,1
2026-01-13,SBIN.NS,A_breakout_40d,1028.45,974.292,857.717,1018.9,11016895,7068863.8,1030.0,1019.7,1040.3,7.0,957.9,A,100.0,57.5,71.2,70.6,58.0,72.8,1
2026-01-14,AXISBANK.NS,A_breakout_40d,1298.8,1259.17,1178.1705,1295.5,7776704,4527397.25,1298.8,1285.812,1311.788,7.0,1207.884,A,84.4,52.0,74.4,61.5,58.0,67.0,1
2026-01-14,GOLDBEES.NS,A_breakout_40d,118.01,107.7312,90.7372,116.76,77320821,47913176.85,118.01,116.8299,119.1901,7.0,109.7493,A,100.0,58.6,72.3,73.2,58.0,73.4,1
2026-01-14,INDUSINDBK.NS,A_breakout_40d,944.5,854.086,804.2835,914.25,11559313,4048456.85,944.5,935.055,953.945,7.0,878.385,A,81.0,76.5,97.1,72.1,58.0,77.7,1
2026-01-14,SILVERBEES.NS,A_breakout_40d,262.81,183.2806,129.162,249.51,137283440,90836922.1,262.81,260.1819,265.4381,7.0,244.4133,A,100.0,92.6,70.2,84.1,58.0,83.1,1
2026-01-14,TATASTEEL.NS,A_breakout_40d,189.25,173.5994,163.0059,186.2,55907778,27390195.6,189.25,187.3575,191.1425,7.0,176.0025,A,82.5,63.1,80.8,68.3,58.0,71.1,1
2026-01-14,VEDL.NS,A_breakout_40d,675.75,555.944,473.3878,637.2,45759805,15557267.7,675.75,668.9925,682.5075,7.0,628.4475,A,100.0,98.4,98.8,81.2,58.0,90.0,1
2026-01-16,INDUSINDBK.NS,A_breakout_40d,953.85,860.525,807.131,944.5,10345071,4333466.6,947.95,938.4705,957.4295,7.0,881.5935,A,83.1,57.9,87.7,73.8,58.0,71.4,1
2026-01-16,INFY.NS,A_breakout_40d,1689.8,1589.412,1538.0723,1689.6,19335957,7145468.2,1685.0,1668.15,1701.85,7.0,1567.05,A,66.7,50.1,94.1,65.9,58.0,65.5,1
2026-01-16,SBIN.NS,A_breakout_40d,1042.3,978.911,861.6662,1028.45,11051580,7104716.15,1035.0,1024.65,1045.35,7.0,962.55,A,100.0,60.8,71.1,74.6,58.0,73.9,1
2026-01-16,TECHM.NS,A_breakout_40d,1670.5,1548.574,1521.0757,1646.7,3733401,1251456.0,1690.0,1673.1,1706.9,7.0,1571.7,A,59.0,61.6,99.7,65.9,58.0,67.6,1
2026-01-16,VEDL.NS,A_breakout_40d,682.7,562.851,475.4975,675.75,27743749,14688875.6,684.95,678.1005,691.7995,7.0,637.0035,A,100.0,58.2,77.8,82.3,58.0,74.8,1
2026-01-19,AXISBANK.NS,A_breakout_40d,1307.5,1263.622,1181.19,1298.8,8833223,4545642.15,1306.1,1293.039,1319.161,7.0,1214.673,A,84.9,55.4,78.9,63.2,58.0,69.0,1
2026-01-19,GOLDBEES.NS,A_breakout_40d,121.1,108.8728,91.4202,118.01,91475080,50718448.8,121.99,120.7701,123.2099,7.0,113.4507,A,100.0,70.9,76.1,77.9,58.0,77.8,1
2026-01-19,TECHM.NS,A_breakout_40d,1718.3,1555.206,1522.576,1670.5,10621562,1692394.45,1715.0,1697.85,1732.15,7.0,1594.95,A,60.7,72.9,100.0,71.3,58.0,71.6,1
2026-01-20,GOLDBEES.NS,A_breakout_40d,125.86,109.356,91.6787,121.1,171440092,55944138.95,127.0,125.73,128.27,7.0,118.11,A,100.0,81.4,100.0,83.4,58.0,85.6,1
2026-01-20,SILVERBEES.NS,A_breakout_40d,297.62,194.1536,132.807,282.95,245725046,104184407.4,300.0,297.0,303.0,7.0,279.0,A,100.0,91.5,87.2,89.8,58.0,86.3,1
2026-01-21,GOLDBEES.NS,A_breakout_40d,134.97,109.9896,91.97,125.86,248755481,66087305.6,131.44,130.1256,132.7544,7.0,122.2392,A,100.0,100.0,100.0,89.0,58.0,91.1,1
2026-01-22,DABUR.NS,A_breakout_40d,525.35,509.788,502.9618,524.0,4249013,2027807.95,525.35,520.0965,530.6035,7.0,488.5755,A,56.8,52.1,81.9,61.7,58.0,60.7,1
2026-01-22,SBIN.NS,A_breakout_40d,1048.35,985.598,866.9335,1042.3,12001641,7765312.2,1051.9,1041.381,1062.419,7.0,978.267,A,100.0,54.6,70.9,70.9,58.0,71.9,1
2026-01-27,AXISBANK.NS,A_breakout_40d,1315.8,1270.004,1186.4293,1307.5,22715357,6311469.2,1348.0,1334.52,1361.48,7.0,1253.64,A,85.2,55.1,100.0,59.5,58.0,72.9,1
2026-01-27,HINDALCO.NS,A_breakout_40d,961.85,865.995,742.2825,955.35,10009735,6090915.4,971.05,961.3395,980.7605,7.0,903.0765,A,100.0,55.4,72.9,67.8,58.0,72.4,1
2026-01-27,JSWSTEEL.NS,A_breakout_40d,1222.0,1145.18,1083.427,1189.8,3808562,1764996.85,1232.0,1219.68,1244.32,7.0,1145.76,A,78.5,71.7,83.2,64.9,58.0,72.7,1
2026-01-27,SBIN.NS,A_breakout_40d,1053.15,988.814,869.775,1048.35,14420630,8604550.9,1059.4,1048.806,1069.994,7.0,985.242,A,100.0,53.7,73.5,66.8,58.0,71.9,1
2026-01-27,SILVERBEES.NS,A_breakout_40d,317.85,205.9308,136.9118,310.68,223275742,125583620.3,320.8,317.592,324.008,7.0,298.344,A,100.0,68.5,75.6,75.4,58.0,76.9,1
2026-01-28,AXISBANK.NS,A_breakout_40d,1319.8,1271.408,1187.639,1315.8,15426403,6799127.7,1318.0,1304.82,1331.18,7.0,1225.74,A,85.3,52.4,85.4,60.3,58.0,69.4,1
2026-01-28,BEL.NS,A_breakout_40d,453.0,406.519,390.4665,418.65,71986647,18017288.2,454.25,449.7075,458.7925,7.0,422.4525,A,70.6,100.0,100.0,72.4,58.0,82.0,1
2026-01-28,COALINDIA.NS,A_breakout_40d,444.05,399.746,391.5955,432.3,17496873,9958969.6,446.0,441.54,450.46,7.0,414.78,A,60.4,71.7,75.1,67.7,58.0,66.3,1
2026-01-28,GOLDBEES.NS,A_breakout_40d,135.82,112.094,93.0606,134.97,184193702,89909180.05,143.0,141.57,144.43,7.0,132.99,A,100.0,55.0,81.0,72.7,58.0,74.0,1
2026-01-28,HINDALCO.NS,A_breakout_40d,998.2,869.816,744.4317,961.85,12615677,5957686.85,1010.25,1000.1475,1020.3525,7.0,939.5325,A,100.0,80.2,82.4,74.5,58.0,81.4,1
2026-01-28,VEDL.NS,A_breakout_40d,737.1,586.326,484.7928,705.45,26645434,16146549.3,745.25,737.7975,752.7025,7.0,693.0825,A,100.0,85.9,73.0,85.7,58.0,81.8,1
2026-01-29,AXISBANK.NS,A_breakout_40d,1363.7,1273.374,1189.1493,1319.8,16107684,7418957.4,1352.0,1338.48,1365.52,7.0,1257.36,A,85.4,76.6,83.4,67.7,58.0,76.2,1
2026-01-29,COALINDIA.NS,A_breakout_40d,455.75,401.182,392.0013,444.05,16915601,10572515.7,453.95,449.4105,458.4895,7.0,422.1735,A,61.7,71.1,72.0,72.0,58.0,66.1,1
2026-01-29,GOLDBEES.NS,A_breakout_40d,146.53,113.0064,93.4249,135.82,271824296,101498202.3,138.7,137.313,140.087,7.0,128.991,A,100.0,100.0,93.6,78.9,58.0,89.3,1
2026-01-29,HINDALCO.NS,A_breakout_40d,1024.05,874.354,746.732,998.2,14615261,6511494.0,1000.0,990.0,1010.0,7.0,930.0,A,100.0,70.7,84.9,78.0,58.0,79.4,1
2026-01-29,JSWSTEEL.NS,A_breakout_40d,1237.5,1147.534,1086.2073,1222.0,2471027,1624713.65,1228.0,1215.72,1240.28,7.0,1142.04,A,78.2,60.1,70.4,67.2,58.0,67.1,1
2026-01-29,SBIN.NS,A_breakout_40d,1066.2,992.492,872.8695,1063.5,14800724,8911236.25,1064.0,1053.36,1074.64,7.0,989.52,A,100.0,52.0,73.2,70.0,58.0,71.6,1
2026-01-29,TATASTEEL.NS,A_breakout_40d,202.32,176.0648,165.2291,193.85,60610904,29390316.1,198.55,196.5645,200.5355,7.0,184.6515,A,82.8,85.0,81.2,74.6,58.0,77.7,1
2026-01-29,VEDL.NS,A_breakout_40d,766.35,591.439,486.7718,737.1,30290476,17214811.95,755.0,747.45,762.55,7.0,702.15,A,100.0,81.7,75.2,88.3,58.0,81.2,1
2026-01-30,AXISBANK.NS,A_breakout_40d,1370.4,1275.374,1190.6565,1363.7,14758482,8055760.9,1339.0,1325.61,1352.39,7.0,1245.27,A,85.6,53.9,76.6,68.7,58.0,68.7,1
2026-01-30,NESTLEIND.NS,A_breakout_40d,1332.4,1274.534,1217.3735,1319.9,5292100,1227051.7,1297.5,1284.525,1310.475,7.0,1206.675,A,73.5,57.6,100.0,61.9,58.0,70.4,1
2026-02-03,ADANIPORTS.NS,A_breakout_40d,1530.8,1465.426,1413.026,1522.8,11977119,2709352.25,1529.9,1514.601,1545.199,7.0,1422.807,A,68.5,54.2,100.0,63.0,58.0,68.1,1
2026-02-04,ADANIPORTS.NS,A_breakout_40d,1567.9,1467.066,1414.5685,1530.8,6632728,2957208.2,1568.0,1552.32,1583.68,7.0,1458.24,A,68.6,69.4,84.9,66.3,58.0,69.7,1
2026-02-04,ADANIPOWER.NS,A_breakout_40d,155.29,142.755,131.0407,148.76,78428934,19680757.45,155.29,153.7371,156.8429,7.0,144.4197,A,94.7,85.1,100.0,68.4,58.0,84.4,1
2026-02-04,IOC.NS,A_breakout_40d,172.78,162.6362,151.6411,168.55,28164545,11760040.95,174.24,172.4976,175.9824,7.0,162.0432,A,86.3,70.1,87.9,70.4,58.0,75.6,1
2026-02-05,IOC.NS,A_breakout_40d,175.77,162.8692,151.8265,172.78,34830200,12972428.25,176.99,175.2201,178.7599,7.0,164.6007,A,86.4,63.8,93.7,73.6,58.0,75.1,1
2026-02-09,SBIN.NS,A_breakout_40d,1146.0,1006.018,882.7947,1077.15,40852966,11397337.85,1151.0,1139.49,1162.51,7.0,1070.43,A,100.0,100.0,100.0,73.5,58.0,90.3,1
2026-02-10,INDUSTOWER.NS,A_breakout_40d,459.15,423.703,389.0647,456.15,12345910,7181819.1,461.0,456.39,465.61,7.0,428.73,A,94.5,55.3,74.4,66.7,58.0,71.0,1
2026-02-10,TATASTEEL.NS,A_breakout_40d,208.01,180.5384,167.5833,202.32,82443790,34884393.05,209.4,207.306,211.494,7.0,194.742,A,88.7,72.5,87.3,69.8,58.0,76.8,1
2026-02-11,EICHERMOT.NS,A_breakout_40d,7771.0,7250.59,6407.0975,7582.5,2286430,502592.35,7779.5,7701.705,7857.295,7.0,7234.935,A,100.0,69.9,100.0,69.4,58.0,81.6,1
2026-02-11,IOC.NS,A_breakout_40d,181.31,164.0044,152.636,178.21,25578553,15745805.0,182.25,180.4275,184.0725,7.0,169.4925,A,87.2,63.9,72.5,78.0,58.0,71.6,1
2026-02-11,SBIN.NS,A_breakout_40d,1182.9,1013.516,886.3695,1146.0,29491859,12804191.75,1183.0,1171.17,1194.83,7.0,1100.19,A,100.0,75.8,86.1,77.1,58.0,81.0,1
2026-02-12,EICHERMOT.NS,A_breakout_40d,7943.0,7267.2,6418.7025,7771.0,1107781,536677.3,7900.0,7821.0,7979.0,7.0,7347.0,A,100.0,67.7,81.3,72.9,58.0,77.6,1
2026-02-12,SBIN.NS,A_breakout_40d,1192.4,1018.018,888.2447,1182.9,33214985,14096415.3,1189.0,1177.11,1200.89,7.0,1105.77,A,100.0,56.4,87.1,78.0,58.0,75.9,1
2026-02-13,BAJFINANCE.NS,A_breakout_40d,1024.75,977.708,961.2973,1011.7,21613987,9652379.75,1023.05,1012.8195,1033.2805,7.0,951.4365,A,58.5,60.3,84.8,65.6,58.0,64.3,1
2026-02-13,EICHERMOT.NS,A_breakout_40d,8065.0,7286.87,6431.1325,7943.0,967939,585074.25,8078.5,7997.715,8159.285,7.0,7513.005,A,100.0,62.3,73.1,75.1,58.0,74.7,1
2026-02-20,NTPC.NS,A_breakout_40d,372.95,344.947,337.658,369.1,16736731,10930796.3,374.0,370.26,377.74,7.0,347.82,A,60.8,58.3,70.6,64.2,58.0,61.6,1
2026-02-24,NTPC.NS,A_breakout_40d,382.75,347.158,338.0753,375.45,20774629,11661905.1,382.75,378.9225,386.5775,7.0,355.9575,A,63.4,65.6,75.6,70.1,58.0,65.6,1
2026-02-25,JSWSTEEL.NS,A_breakout_40d,1275.0,1185.912,1108.4405,1254.5,2095033,1383417.9,1275.5,1262.745,1288.255,7.0,1186.215,A,84.9,63.1,70.3,65.7,58.0,69.7,1
2026-02-26,INDUSINDBK.NS,A_breakout_40d,964.6,903.364,828.0153,953.85,8974624,4042071.75,963.0,953.37,972.63,7.0,895.59,A,95.5,59.0,84.4,67.4,58.0,74.3,1
2026-03-02,BEL.NS,A_breakout_40d,453.95,423.757,405.5477,453.0,35034174,14598121.8,460.0,455.4,464.6,7.0,427.8,A,72.5,51.7,88.0,61.6,58.0,66.2,1
2026-03-02,ONGC.NS,A_breakout_40d,282.2,255.0018,245.7773,280.1,65843426,20392894.2,287.0,284.13,289.87,7.0,266.91,A,68.8,56.0,100.0,64.2,58.0,68.7,1
2026-03-05,BEL.NS,A_breakout_40d,460.0,426.058,406.4437,453.95,38023711,16304147.75,462.0,457.38,466.62,7.0,429.66,A,74.1,60.7,86.6,62.7,58.0,68.9,1
2026-03-06,BEL.NS,A_breakout_40d,468.45,427.439,406.967,460.0,28154230,16994583.7,470.0,465.3,474.7,7.0,437.1,A,75.2,64.7,73.1,66.2,58.0,68.0,1
2026-03-06,SUNPHARMA.NS,A_breakout_40d,1799.4,1706.96,1688.9285,1785.7,3669921,2106606.35,1772.9,1755.171,1790.629,7.0,1648.797,A,55.3,56.1,74.8,66.2,58.0,60.3,1
2026-03-09,SUNPHARMA.NS,A_breakout_40d,1807.4,1708.368,1689.3065,1799.4,4112775,2248389.3,1810.0,1791.9,1828.1,7.0,1683.3,A,55.6,53.6,76.6,67.4,58.0,60.1,1
2026-03-12,COALINDIA.NS,A_breakout_40d,470.1,429.109,397.2463,455.75,27328045,10913539.1,473.0,468.27,477.73,7.0,439.89,A,90.1,75.2,90.1,69.1,58.0,78.5,1
2026-03-12,NTPC.NS,A_breakout_40d,390.55,359.74,340.0635,384.9,23847146,11838164.3,391.85,387.9315,395.7685,7.0,364.4205,A,78.9,61.7,80.3,65.5,58.0,69.5,1
2026-03-17,ADANIPOWER.NS,A_breakout_40d,155.6,142.9954,135.9003,155.29,41644726,23519984.7,156.0,154.44,157.56,7.0,145.08,A,76.1,51.6,75.4,66.9,58.0,65.0,1
