ticker,lt_score,lt_signal_date,st_score,st_signal_date,has_lt_signal,has_st_signal,as_of_date
ADANIENT.NS,96.6,2026-07-02,32.7,2026-09-09,True,True,2026-10-07
ADANIGREEN.NS,97.0,2026-07-14,32.5,2026-10-07,True,True,2026-10-07
ADANIPORTS.NS,97.0,2026-07-01,48.1,2026-09-29,True,True,2026-10-07
ADANIPOWER.NS,96.8,2026-05-27,40.2,2026-07-14,True,True,2026-10-07
AMBUJACEM.NS,97.0,2025-07-22,57.8,2025-12-09,True,True,2026-10-07
APOLLOHOSP.NS,88.6,2026-09-23,36.2,2026-09-23,True,True,2026-10-07
ASIANPAINT.NS,97.0,2026-07-29,35.9,2026-09-17,True,True,2026-10-07
AXISBANK.NS,97.0,2026-01-30,32.0,2026-03-16,True,True,2026-10-07
BAJAJ-AUTO.NS,97.0,2026-09-01,48.0,2026-09-30,True,True,2026-10-07
BAJAJFINSV.NS,97.0,2025-10-20,37.3,2026-09-23,True,True,2026-10-07
BAJFINANCE.NS,97.0,2026-02-13,38.7,2026-08-03,True,True,2026-10-07
BANDHANBNK.NS,64.7,2026-09-22,38.7,2026-09-22,True,True,2026-10-07
BANKBEES.NS,96.6,2026-02-18,57.2,2026-08-26,True,True,2026-10-07
BEL.NS,97.0,2026-03-06,41.3,2026-06-17,True,True,2026-10-07
BHARTIARTL.NS,97.0,2025-11-04,33.6,2026-03-04,True,True,2026-10-07
BPCL.NS,97.0,2025-12-31,55.8,2026-01-29,True,True,2026-10-07
BRITANNIA.NS,96.6,2026-01-07,49.3,2026-03-24,True,True,2026-10-07
CIPLA.NS,96.6,2026-07-29,50.9,2026-09-24,True,True,2026-10-07
COALINDIA.NS,97.0,2026-03-12,59.8,2026-07-30,True,True,2026-10-07
DABUR.NS,97.0,2026-01-22,37.2,2026-01-28,True,True,2026-10-07
DIVISLAB.NS,97.0,2026-09-08,50.7,2026-09-08,True,True,2026-10-07
DLF.NS,97.0,2024-09-24,41.6,2026-09-30,True,True,2026-10-07
DRREDDY.NS,100.0,2026-06-29,49.3,2026-06-29,True,True,2026-10-07
EICHERMOT.NS,97.0,2026-08-03,53.6,2026-09-01,True,True,2026-10-07
ETERNAL.NS,97.0,2025-07-24,46.1,2026-10-06,True,True,2026-10-07
GODREJCP.NS,97.0,2024-07-23,12.3,2026-03-10,True,True,2026-10-07
GOLDBEES.NS,58.4,2026-08-10,38.4,2026-08-10,True,True,2026-10-07
GRASIM.NS,97.0,2026-08-10,46.1,2026-09-03,True,True,2026-10-07
HCLTECH.NS,96.6,2025-01-10,54.2,2026-01-13,True,True,2026-10-07
HDFCBANK.NS,96.0,2025-10-23,48.1,2025-11-27,True,True,2026-10-07
HDFCLIFE.NS,97.0,2025-06-27,38.3,2026-01-06,True,True,2026-10-07
HEROMOTOCO.NS,96.6,2025-11-20,26.2,2026-04-08,True,True,2026-10-07
HINDALCO.NS,88.7,2026-08-12,41.3,2026-09-23,True,True,2026-10-07
HINDUNILVR.NS,97.0,2025-08-26,46.1,2025-12-02,True,True,2026-10-07
ICICIBANK.NS,97.0,2025-06-27,46.1,2026-10-06,True,True,2026-10-07
INDIGO.NS,97.0,2025-06-30,37.2,2026-09-22,True,True,2026-10-07
INDUSINDBK.NS,97.0,2026-07-22,38.0,2026-09-30,True,True,2026-10-07
INDUSTOWER.NS,97.0,2026-02-10,56.4,2026-07-09,True,True,2026-10-07
INFY.NS,100.0,2026-01-16,37.6,2026-02-03,True,True,2026-10-07
IOC.NS,96.6,2026-02-11,52.4,2026-04-08,True,True,2026-10-07
ITC.NS,85.2,2025-01-02,37.5,2025-01-02,True,True,2026-10-07
JIOFIN.NS,97.0,2024-09-27,42.4,2025-11-13,True,True,2026-10-07
JSWSTEEL.NS,96.6,2026-05-14,36.4,2026-08-24,True,True,2026-10-07
KOTAKBANK.NS,76.0,2026-10-07,48.0,2026-10-07,True,True,2026-10-07
LT.NS,97.0,2026-06-15,27.7,2026-07-29,True,True,2026-10-07
M&M.NS,97.0,2025-09-04,44.1,2026-03-16,True,True,2026-10-07
MARUTI.NS,96.6,2025-09-23,47.3,2026-03-17,True,True,2026-10-07
MAXHEALTH.NS,100.0,2025-06-27,42.3,2026-09-09,True,True,2026-10-07
NESTLEIND.NS,96.6,2026-07-30,41.1,2026-10-06,True,True,2026-10-07
NTPC.NS,97.0,2026-03-12,47.4,2026-07-20,True,True,2026-10-07
ONGC.NS,97.0,2026-04-28,49.3,2026-05-14,True,True,2026-10-07
PIDILITIND.NS,97.0,2026-08-05,46.3,2026-08-31,True,True,2026-10-07
POWERGRID.NS,96.0,2024-09-25,42.3,2026-07-27,True,True,2026-10-07
RELIANCE.NS,97.0,2025-11-20,29.7,2026-02-03,True,True,2026-10-07
SBILIFE.NS,96.6,2025-10-29,49.7,2026-04-06,True,True,2026-10-07
SBIN.NS,97.0,2026-02-12,47.1,2026-05-19,True,True,2026-10-07
SHREECEM.NS,97.0,2025-05-15,52.8,2025-10-29,True,True,2026-10-07
SHRIRAMFIN.NS,97.0,2026-08-06,32.8,2026-09-17,True,True,2026-10-07
SIEMENS.NS,97.0,2026-08-24,33.5,2026-08-25,True,True,2026-10-07
SILVERBEES.NS,83.6,2026-05-14,42.3,2026-08-05,True,True,2026-10-07
SPICEJET.NS,0.0,,0.0,,False,False,2026-10-07
SUNPHARMA.NS,97.0,2026-07-28,41.1,2026-08-31,True,True,2026-10-07
TATACONSUM.NS,97.0,2025-11-03,33.1,2026-07-02,True,True,2026-10-07
TATAMOTORS.NS,0.0,,0.0,,False,False,2026-10-07
TATAPOWER.NS,97.0,2026-04-28,56.4,2026-05-26,True,True,2026-10-07
TATASTEEL.NS,96.6,2026-05-13,46.1,2026-08-10,True,True,2026-10-07
TCS.NS,96.0,2024-12-05,43.1,2025-01-13,True,True,2026-10-07
TECHM.NS,100.0,2026-01-19,41.2,2026-03-18,True,True,2026-10-07
TITAN.NS,97.0,2026-08-11,54.1,2026-08-11,True,True,2026-10-07
TMPV.NS,0.0,,0.0,,False,False,2026-10-07
TRENT.NS,97.0,2024-10-08,50.8,2026-10-06,True,True,2026-10-07
TVSMOTOR.NS,96.0,2026-01-02,32.2,2026-09-09,True,True,2026-10-07
ULTRACEMCO.NS,100.0,2025-08-18,25.7,2026-03-24,True,True,2026-10-07
VEDL.NS,96.6,2026-01-29,49.5,2026-04-07,True,True,2026-10-07
WIPRO.NS,97.0,2025-01-23,34.7,2026-01-16,True,True,2026-10-07
